Title,SubTitle,Rating,ItemPrice,TrendingPrice,ItemLink
"Deco Gear 35"" Curved Ultrawide LED Gaming Monitor Crisp 2560X1080 HD",Authorized Deco Gear Dealer w USA Warranty! Ships Fast! Brand New,5.0 out of 5 stars.,$309.99,$649.99,https://www.ebay.com/itm/Deco-Gear-35-Curved-Ultrawide-LED-Gaming-Monitor-Crisp-2560X1080-HD/333335017371?epid=27029108979&_trkparms=ispr%3D1&hash=item4d9c50b79b:g:tkIAAOSwdtRdhAZG&amdata=enc%3AAQAFAAACcBaobrjLl8XobRIiIML1V4Imu%252Fn%252BzU5L90Z278x5ickkCrLl8erj3ATP5raQxjc%252F%252B0nHYso%252BW3yGz6OulOpZGXxrm2acZsg%252BR%252FpfaZ5jr4KFG1MmLofGglWqwSzLXv0nGcpz0HJwFmLYG%252Fps25XxVC1c9fZ5PryaMCuRseTJpquhvMIipQG8ekBZTPEBJ9V7hV%252BydYzp2QO8cz75GTWFFHGf5NlDoeHryLO60wzrVMPO8JfDOY%252BWa5OEnZNbk2i7EUeJdJdPSJGJo7jM6A%252BHtkXHjjWwPdfWZ0HtLaRcaQXtwAg8XCgZWuNis9X8wSNPFx%252BBj6V17bPh%252BJ6uocmFHynroUu%252BszZmTJnw9ROCoXBQJkdr1F%252BrAtNsWkugIRhnbAtu%252B0dKmFVINaAtyDbONeMbWhNORwJh5i%252B4ALVbFJjA6P6pnAMv1c20EKhF4cWuNxNGGibyryULsAR1Mp4p5QBk7rACvF1Jty7%252B%252FGhna8Sf7X%252F5Uk4u4EIl0WFv25X%252BPa%252FKSh%252FHcNFQxmUq5D57ZJ5k05jThh1aRrBNINoiKJwzzhH5wagijS8qFCLtfQb8A%252BPWa0A4LbZZ5tLHnaTJOCjraeSbVoX5H9vJHfxzzHfKGRQOyXyW5zYPy8hotSL8ne6ZgpFDLICfSEAKJQjbBYGTKok7Efc%252F3C5XqkeCJ2svCB2cpuyc5QG%252BSOUNI346Co4owCQAQjVCoYSvv5rjEu3sW%252F%252FETf1ucmtV8LF%252FjXphch7HxqZi6jwHM%252FGAKFaHLT8Ac5XLHOiClxQxOoWpuWS%252BCcHDcSKRgqU3eWzOi%252F3L8UJEWxmJ7XcCSUjR7Qni8w%253D%253D%7Ccksum%3A3333350173713d1abf4562f1424f9b979262f164c546%7Campid%3APL_CLK%7Cclp%3A2334524
"NEW Acer 32"" Curved AMD FREESYNC 1ms 165 Hz FHD 1920x1080 Gaming Monitor HDMI DP",Free & Fast Shipping| Top Quality| Check our Feedback!! Brand New,4.5 out of 5 stars.,$279.99,$409.99,https://www.ebay.com/itm/NEW-Acer-32-Curved-AMD-FREESYNC-1ms-165-Hz-FHD-1920x1080-Gaming-Monitor-HDMI-DP/193743432590?epid=10042311941&_trkparms=ispr%3D1&hash=item2d1c022b8e:g:Vc4AAOSw5JdfznAF:sc:ShippingMethodStandard!28278!US!-1&amdata=enc%3AAQAFAAACcBaobrjLl8XobRIiIML1V4Imu%252Fn%252BzU5L90Z278x5ickkfKe2vUidqHRg3XM2X2xOVA73i4ppjbYXSAs%252B1T6OOfAl2kdLtcqK6VW1lm8M4FR%252F5Blgtftxy1pf087UHrMKgDYDpNC8F%252F%252BXU7xnTDnSZqTtSed2lkoFwCiFPt0YptD8pOtouqGT%252Fz94Cbx3Tc9ldPHyab55budTUXfYWYHMqFIpFt8A6RCgTbRnaogIL3BqXpUqdaUYJ4oQRucu%252BnhHXrl14qz5enHWNQBo6o5hU208XzcrHMaht0xHM3zzge73QrsPC3h8onvPi4aZZ9yy023V%252FQBP1%252BeJdPpNHptULJ%252BvCncFmH1SK%252FVD5yRT7bd7JP%252FAXSymWYHc5YvQrrIlDJWoYyrVPqeB9%252FDY9PvIx%252FPwRfnR4%252Fm7OrZm4coaO1ZUwPIpaCr%252BoYunwdaNZh4B%252BQ0Zwo9LHNfqktKHgzEb7gMjsYlRvsN0doZDPClOgN16s0q%252Fvvg0F%252BUwVb1bsOjDqrUnaOgUrF0KVrYoRz3dzSrTfY6VdvprneHs9ut6LFK3Bl3lA3qWw3hLhuntJhQJ18ToNvHt1PRnxf6q4FP70Q9iIYQC6qZ469sPl0DZ%252Biku%252FdRYIjXAad5wvcdJUMtLi0rfGkmO7B64vWBBVKzp3FNw43ElRLjIJg2on%252BTEpJHvDBsD3VrULzE0qkGq9rn54XgKq3V%252FXlJkhNKt4K2w5DXCtOZ%252Fa5j%252B52plID3XY%252FbwQPB7f1YL0SwDnwLwDn3hP9pAVY97HhP4VSYde53br0%252FNYWZi5iAlmUN4YlFOXNb%252FAWPVMieoqfB09Hv8ypjW5Q%253D%253D%7Ccksum%3A1937434325903d1abf4562f1424f9b979262f164c546%7Campid%3APL_CLK%7Cclp%3A2334524
"AOC C27G2 27"" Curved Gaming Monitor FHD, 1500R Curved VA,1ms, 165Hz (Renewed)", Refurbished,4.5 out of 5 stars.,$195.87,,https://www.ebay.com/itm/AOC-C27G2-27-Curved-Gaming-Monitor-FHD-1500R-Curved-VA-1ms-165Hz-Renewed/264923982505?epid=24041810758&_trkparms=ispr%3D1&hash=item3daeb32aa9:g:o8UAAOSwEflfocLB&amdata=enc%3AAQAFAAACcBaobrjLl8XobRIiIML1V4Imu%252Fn%252BzU5L90Z278x5ickkXKoKcbeZcOrOku%252BoOBl%252BSzyh8PxqyhACwKhvfi7L0aXXpp0rG2b%252FS0%252FRNWPUSlyuU1kd1Plts1iThqUXN81bvENmiwiyrqYtrkslYaVQjkg0mfjZZIGVtfd2B%252FX9imNP%252B1I9GgcXH192BPWwCqL%252FMGcJiYgE%252B%252FnDly8LrIPbYC4hj4Ese3HRnIdCkmcgDg0zsBic8mDQc8f2NEb2BxoaecEj4gtgn3Yrb4JYFldHNyyqnJL8frZAwiZqV6ZREpkNKjum7PYNsuqDdDY9uHn9esAZnMYBIxHnGQ6e1Emkcne07HBgF5X3UNbOHh06gN1DmdLtSKLH70W448Gx15XtyfCIZePEYSh3ZL4TYqKzukJCBD6cOZ0yJ4MtBgLS1TcG%252FjFLLM6qUjLLIrIMs0wBQWXhgmRzMpt414L5dlocpbSiJ7C65rsYOUJgSuW4mmxDmhxTSm7LIGbjx%252BGTb5nj6TciUBcX%252B63ZSSdH7CUsCSfEMlLklY0lNrUO4R9DPivo60v8dLS6wh%252BcnFPrM1YjL2bEcW4CQguvN2Y5%252BCZD4xe%252BnttRXGXMMkXL%252FLyfB0IMf3%252F2LaYo4MAtqM8qjQ5bLBoI755xyV4Y%252BEEFBwWVUVqqcF340oK%252BzUMfTmVsiIgTyOQNaZno5t60Gc3xY6uv6FM4V8BZw7nK5WQxYvWTEgQnpmCUEChDSxwnCDTSb0wpSIaoh3YTQAxCuUm60OPf9292AAZncHB3xHrUab%252FGlrSHIto59KcQvzzFrkM5X9WppPqpBgIiwOB%252BZsmXHyDFnA%253D%253D%7Ccksum%3A2649239825053d1abf4562f1424f9b979262f164c546%7Campid%3APL_CLK%7Cclp%3A2334524
"VIOTEK GNV34CB 34"" Ultrawide Curved Gaming Monitor 1080P 100Hz 21:9 Ultra-Bright", Brand New,5.0 out of 5 stars.,$299.99,,https://www.ebay.com/itm/VIOTEK-GNV34CB-34-Ultrawide-Curved-Gaming-Monitor-1080P-100Hz-21-9-Ultra-Bright/233365279824?epid=27037467919&_trkparms=ispr%3D1&hash=item3655a79450:g:H1gAAOSwerZdnuTd&amdata=enc%3AAQAFAAACcBaobrjLl8XobRIiIML1V4Imu%252Fn%252BzU5L90Z278x5ickkai8xCwosGKpC0NWj85e%252FB0QWPCFk6y%252FRZ04f3xFqZnXrc8O7MRNxDkQpalDgB%252BOdEOFaWIYeN4FVtftgi8QFCP2nf%252BdeG0GrN73iwacCi%252BhA4DB3LTOaSAQTw0nhrCDC3cMKjkrQj6OkqztNa9kEynyuotZecrlxoCXOXC3VKCrEL5xjJCeEz23P6%252FfgVbap7ocGzEPhnLA3ng%252BFia7qnIUIY4vXK%252F3%252FYJseQCdWmIsVxRa4B98wiAAV3OdjMnTVwVgUTiFU3yIID8Wc5PZIdyGZ2ltt0FbG92hRjW7K%252FVLrAsebWkbxUzO%252B%252F7YIjvbihFIYcvBQFlu89wsM5HpOExjnmIyd0%252FMzAO%252BYEHIQiipyYt7Zv7BjX8Btxvue7XgygpbUkuskt1nr9I4x8jBRyGjBwzIiOuUjBNAW8UdMjfc6tcpDZvWVysGwWHSbw4e1ceg5PAnVsxgXu4PRi%252Bl8KtoI%252FCPnGvsMgaaC8X38sBVWORE5aE23%252B3Sb00KRy%252F1FneGoc%252Bcz4iLg27%252BOvWow66cUJvAjCbZnWG1fZVrbyj4Bm12kSDmJYHYRwer7u54%252BgGP%252FwTyx%252FhXiUtdyQqhkuXGx9n8gK%252BacaW00tH%252FZmoHuv9BjUg7Ra94fmZDbPftt%252F3doVCaEFWImXYPIDGf2YYl8e1b%252Bkd8AudiCQ1wHAGVEpUAIyeyGs6%252FxMSnbhb%252FvbdxnixJDOqBtmktubcmaErFcSFmKCeMiIn1QjjnItAAnRUoPdymGumZuKZOzX4OxUSfSzo5Oh8fLtH76AUmDPw%253D%253D%7Ccksum%3A2333652798243d1abf4562f1424f9b979262f164c546%7Campid%3APL_CLK%7Cclp%3A2334524
"MSI Optix G24C 24"" Full HD LED-Backlit 144hz FreeSync Curved Gaming Monitor", Brand New,4.5 out of 5 stars.,$189.66,,https://www.ebay.com/itm/MSI-Optix-G24C-24-Full-HD-LED-Backlit-144hz-FreeSync-Curved-Gaming-Monitor/201972524227?epid=26021689746&hash=item2f068024c3:g:xboAAOSwXChgLVW9
VIOTEK GNV32DB 32-Inch Curved Gaming Monitor 144Hz WQHD 2560x1440p FreeSync LFC, Brand New,4.5 out of 5 stars.,$279.99,,https://www.ebay.com/itm/VIOTEK-GNV32DB-32-Inch-Curved-Gaming-Monitor-144Hz-WQHD-2560x1440p-FreeSync-LFC/233572783506?epid=5038105069&_trkparms=ispr%3D1&hash=item366205d592:g:Z4YAAOSw7Ghep8vO&amdata=enc%3AAQAFAAACcBaobrjLl8XobRIiIML1V4Imu%252Fn%252BzU5L90Z278x5ickkai8xCwosGKpC0NWj85e%252FB0oZktmAJHLPzW4gF7bNsZBTH340n6kEHWsKLPhadbKQ9ujdHRjUicBvGm8cQvvlChzmTHZekHD%252Bj3ggSHvW%252FqefsW3Jj58PBXpbtT4PtUppkopcJRU7gO6mwm%252FO7jRiYO6xwvxKtzi5E6BUCiMTmLGnLZqZiVVGrJBzYPaQdBTbN%252Bov6wBfcwKo7V%252BOmNBB%252FCXGiWCN042iAOHCA5PFnYuRBDlT%252BqVo3oiZtaxHHDar1LAZs7zZTNEdg3aLpRHVgGn3I4iSAah5%252FbVp9V0aXF%252F6tOMm6oqJ1eplc3xknJLUqVZ%252F8BnBsi4HJZ%252BW33qbQ1bi5ncz8ONjHOubytmBhBar9AlYxAm5skIRYs5HyI0RJb2nnaEDHf8XG%252B7AACp5mxqpZPbW%252Fou5%252FwRDqkt3WECqH%252FLPvyAzJKIndyjwGgK6TbBVr1m7xbTTbtKwUp2li5bggYQ9EWbx%252FCLffHi8uQ1YRJQpCHG%252FR0QWRcXO9Yvn4vG%252BoKlOpeXteOVMtJbDE5Zm5PQgXHkxW09XoFiCo8drIQJmYsjDHk1M2%252F1tmyZBUy48griArJUl44DJJrLjLlg7sihWOElTNXVToBnFkFhqyH74BNWFi0g%252BIIfn6d5OHchHoX4ZUGVDIxE4CMQY34ZouTsf0eu%252BSFMEdDcyp1U5BUiN7GJn3hVrGaJm%252FdSvIPRKjaJ2KW2DCjoOWIGkEKTH5q4enIeHUAkWYjv0JXGzweSCyD2FU8%252B4%252BN5CJCvRrao8HZ4NxzJpUdiDxMefNQ%253D%253D%7Ccksum%3A2335727835063d1abf4562f1424f9b979262f164c546%7Campid%3APL_CLK%7Cclp%3A2334524
Dell U3415WB 34” WIDESCREEN CURVED LCD MONITOR TESTED, Pre-Owned,,$250.00,,https://www.ebay.com/itm/Dell-U3415WB-34-WIDESCREEN-CURVED-LCD-MONITOR-TESTED/233894079606?hash=item36752c6c76:g:BrIAAOSwHtxgKu6T
Viotek GN34CW 34-In Ultrawide Curved Gaming Professional Computer Monitor 100Hz, Brand New,5.0 out of 5 stars.,,$399.99,https://www.ebay.com/itm/Viotek-GN34CW-34-In-Ultrawide-Curved-Gaming-Professional-Computer-Monitor-100Hz/223550229683?epid=15033527226&hash=item340ca1ccb3:g:N9oAAOSwTSldAh1J
VIOTEK GN27DB 27” Gaming Curved Monitor 144Hz 1440p FPS/RTS Optimized VA Panel, Brand New,4.5 out of 5 stars.,,$349.99,https://www.ebay.com/itm/VIOTEK-GN27DB-27-Gaming-Curved-Monitor-144Hz-1440p-FPS-RTS-Optimized-VA-Panel/232704629091?epid=9031280773&hash=item362e46d963:g:vzoAAOSwTEpckaVU
"Samsung CF397 32"" FHD LED Curved 1080p Monitor", Pre-Owned,5.0 out of 5 stars.,$102.50,,https://www.ebay.com/itm/Samsung-CF397-32-FHD-LED-Curved-1080p-Monitor/383966945862?epid=25013653580&hash=item596636a246:g:hZIAAOSwZt1gMBvQ
VIOTEK GNV27DB 27-Inch Curved QHD Gaming Monitor 144Hz 2560x1440p 4.8ms FreeSync, Brand New,5.0 out of 5 stars.,$249.99,,https://www.ebay.com/itm/VIOTEK-GNV27DB-27-Inch-Curved-QHD-Gaming-Monitor-144Hz-2560x1440p-4-8ms-FreeSync/313043539085?epid=15037773538&hash=item48e2d9548d:g:uR4AAOSwIYdehE57
"VIOTEK GNV34DB 34"" Ultrawide Curved Gaming Monitor VA Panel 100Hz 1440p FreeSync", Brand New,5.0 out of 5 stars.,,$379.99,https://www.ebay.com/itm/VIOTEK-GNV34DB-34-Ultrawide-Curved-Gaming-Monitor-VA-Panel-100Hz-1440p-FreeSync/233365292748?epid=14038157705&hash=item3655a7c6cc:g:s3IAAOSwEtNdnuzw
"Samsung Curved FreeSync Monitor 4ms Response Time 24"" LC24F390FHNXZA 60Hz", Pre-Owned,4.5 out of 5 stars.,$113.99,,https://www.ebay.com/itm/Samsung-Curved-FreeSync-Monitor-4ms-Response-Time-24-LC24F390FHNXZA-60Hz/324486583003?epid=28026727205&hash=item4b8ce852db:g:GbwAAOSwgulgKYr3
"MSI Optix G24C 24"" FHD 1920x1080 1ms 144hz AMD FreeSync Curved Gaming Monitor", Refurbished,4.5 out of 5 stars.,$169.98,,https://www.ebay.com/itm/MSI-Optix-G24C-24-FHD-1920x1080-1ms-144hz-AMD-FreeSync-Curved-Gaming-Monitor/324488665981?epid=26021689746&hash=item4b8d081b7d:g:H50AAOSw4oBgLAuL
"Deco Gear 34"" Curved Gaming Monitor 2560x1080, HDR400, 3000:1, 1ms MPRT, 200Hz",Authorized Deco Gear Dealer w USA Warranty! Ships Fast! Brand New,5.0 out of 5 stars.,$399.99,$499.95,https://www.ebay.com/itm/Deco-Gear-34-Curved-Gaming-Monitor-2560x1080-HDR400-3000-1-1ms-MPRT-200Hz/313298803540?epid=19042774462&_trkparms=ispr%3D1&hash=item48f2105b54:g:qRcAAOSwJ4ZfrqnI&amdata=enc%3AAQAFAAACcBaobrjLl8XobRIiIML1V4Imu%252Fn%252BzU5L90Z278x5ickkRjLZq23gAR%252BKma9gM2Z1hlgooR%252Bm%252BCrbvmlXDwHO7X37aX4dN1hE3du7eUshgdkZPDdcwyFWUs2R3LoTmTAaNY%252FQUCrIgXW8KaaaOhdcXsJT6dA88LYcqrTHBfs3zdOg3mI35fbBlZtgBiIHaWlT3LRryoR6%252Bi%252BJvsDiDHKdkUG2EVv5yen3Ikhp%252F6aj2Y4TkzDTXq1FyhYNhgg1tdcOhQjcPbBBX8DE6oa9RtImvJVew263cejIZEqpyKkPjuejNuoCnhARidPu%252BuHEj%252Bw9Gv7Ge3sk0%252BBAnAsckwKE4YyGqf0tvvlhdeh35l75ZNOjpN5FNgTV1jbHAEkhd1isQCbMZlDw%252FeZTnBnIQvYHqDvwaixQv4SIHRpYJC6XmaxwaxYo6eAtvX4c3HSmrNj5RHnktuE0KHWme37TbzIlDZw1UrUWEQ3NBa24JsbIJTJr28QIM%252B0vvnN68qZbHDUfzuSQxEZfEUQEMSeb1kvH6BYW75DY9xP7sf76HYvlxkhpiJBnYGJG3Vbm%252BR8x%252FHl13EuhYZynXqVfiZPX76qyLNxpu0n4rM8po2ZuL%252F9c6mme5uULq8DZRiyeZ%252B1E4kmgMh6%252FcaALSDhz2%252FBx4gQT3wMOKtGMnnOgay5uX1bQDz0meljgyF8smvWk9%252F%252Bd3xIL01Cazb%252BHlMo4r5p%252Bd82uPYKWTeqDM17oCxVvGTFGpuAtDjV49FbLBJD5kcbkfc6j7fGDuwgMGf44lcbmQg0fGlqb0lfXlU%252BZmb%252BUSgZ4MOEDjYVdMq7Mk5SlX9hxScYM3A%253D%253D%7Ccksum%3A3132988035403d1abf4562f1424f9b979262f164c546%7Campid%3APL_CLK%7Cclp%3A2334524
"VIOTEK 49"" Super Ultrawide 32:9 Curved Monitor 144Hz 3840x1080p w/Speaker SUW49C", Brand New,5.0 out of 5 stars.,,$759.99,https://www.ebay.com/itm/VIOTEK-49-Super-Ultrawide-32-9-Curved-Monitor-144Hz-3840x1080p-w-Speaker-SUW49C/233185136983?epid=16027561172&_trkparms=ispr%3D1&hash=item364aead157:g:xqAAAOSw5eBcoaoK&amdata=enc%3AAQAFAAACcBaobrjLl8XobRIiIML1V4Imu%252Fn%252BzU5L90Z278x5ickkai8xCwosGKpC0NWj85e%252FBzevtrlAFSLjNPBiACjPOv%252FF7JRJCpbzudpQi%252BQ10UGdl0sfaQTohomSMGdbLB1wSARstyt8kl6RPzpk3k%252F1fgR9mYJ1M4Fxg6qgj9QEwykDlbztbPUbux1lg%252BVz%252FCOyjV3N1O0PQRm2t2DF9%252BFWe2TWPYY2oNNxghHaqz3S7dbfmlvTFsFe6r3qO1sxk0G8IC7EyK2qXMeZ75id36boy1N1DmJccCndSB24OvDMh%252FpcZHhjT8ggVtRmGm%252FAWo%252Bh1sX3gRDewhTbrmLH56v0qbTmgav%252FBSZPIuL34gq%252BEp1pJaVMp2BsSPVpH31dobyfpOnYMbqrkl79izRz%252FOOap1cnILQajLZDg6lhInWFJ9cqwqXfI%252BGwVDC4L0vgD7sgFFkcEULwYoUNW5jKwW4rsTHn%252FugbY%252B1NNuB4hVIBqsn6g42hC0ij4d2Vg5RuO4aG1x1VRKhi6LsibZc4Z6u0CO3jrUv0HJdWPac%252F6g5ntVoyMGH3UrWMAD%252Fr4FwQVhxDJNPYsDzi5Tm8E56CbMLvfYtATtb23dydLm7ixo7l11pWEfm0r1M1hVZVNCgjnojQaCCt34K3ge0Z5iVhcOmXPpqPu6mLIY78Tsqu2o6NuMxwOngPyJbm5buth%252F8tQJjBEHKzEpPmW6w4IIUL%252B0i9MKmJ8CsId4oYg3EweibsgEfgI1lbOcK2twFGj%252FrV0l8xgSAvvKyyZ5WyoeLf9wLREoYllkTBLgWnwClXtwuycovJWJfGTbCeKh0cstIcZpC5yg%253D%253D%7Ccksum%3A2331851369833d1abf4562f1424f9b979262f164c546%7Campid%3APL_CLK%7Cclp%3A2334524
VIOTEK GNV34DBE 34-Inch 144Hz Curved Gaming Monitor UWQHD G-Sync-Ready FreeSync, Brand New,5.0 out of 5 stars.,$399.99,,https://www.ebay.com/itm/VIOTEK-GNV34DBE-34-Inch-144Hz-Curved-Gaming-Monitor-UWQHD-G-Sync-Ready-FreeSync/313043429932?epid=16037771190&_trkparms=ispr%3D1&hash=item48e2d7aa2c:g:43AAAOSwtQBe9~GD&amdata=enc%3AAQAFAAACcBaobrjLl8XobRIiIML1V4Imu%252Fn%252BzU5L90Z278x5ickkRjLZq23gAR%252BKma9gM2Z1hmIBoDREuPUlHvJcLCdXpEBVMs5iW4aqEVSjd2jcMj2hJEpEJoolnslXKfT8cILw9Rn7leE7NgsJU5jFaJdRKMEVQxc1iv9sJBIx7vSz9ruACTaKKXyuJvscPMDmrV%252B20XB%252FGk9sqsPmhsjSK4dhXJS7tDbTnJ4wXMejowV7E79PlJ9W%252FOXL%252F%252B6lW7Y%252Bot5QMhPg0S9l0CMqy08zhLIKDZjK1x7xQ677LfieKgeU%252FiwPhKzlnMKgkkqDwDJFDLyP5b0yf3ckQf%252BnvtmEjOqEJnFhFo5PRe7kbgrmS3BPQahwsH40URkp5B%252Fi28KVZi96V1vLaD33MH5udL8O6Gr%252BjRGBE%252Byg4PC%252Bd36Kz%252FEeGqOjFVslcmsiwXavdVOWK6KBF2%252Bw%252B5JFPBfTBIV%252Fbv4a78gQwpOLktSybV1Im75xvd7qwPTG2eZCNFhvCBAcM90N313IyZKxKV5BRQC51i3DT2AQv3vQ4pDxXNYRb%252BzEJ89zrlf8tNcDYu3Mz37j3hHLxTmwZELEVIBPt7C2BCo5OMf%252Fv212eEcWEYXU8FSSQ1ZXTF6rGNUuMLNyDeKW516RKtaKrUMbFuXTHYBPpHZLPBuYuVacohKxkw3Ang9Y5ndCLEFciBDzU1kKcSGq1MnLrnOs%252FSLw5sYB5k9dqWYjhyVtcdeU2grlBhde6S4saqmN8dz25oze8lGtc%252FXMCzyPfQ3bF82J8gUFqmYtBloudRAmtQADyyeYg%252BXrcSgXmQhBT8f4FCDUCA5pFzC4GdjSuQ%253D%253D%7Ccksum%3A3130434299323d1abf4562f1424f9b979262f164c546%7Campid%3APL_CLK%7Cclp%3A2334524
"Samsung CF396 27"" Curved LED Monitor Super Slim Design (LC27F396FHNXZA)™", Open Box,4.5 out of 5 stars.,$175.00,,https://www.ebay.com/itm/Samsung-CF396-27-Curved-LED-Monitor-Super-Slim-Design-LC27F396FHNXZA/333856471688?epid=224719905&_trkparms=ispr%3D1&hash=item4dbb657a88:g:jmAAAOSwGvZf~yBv&amdata=enc%3AAQAFAAACcBaobrjLl8XobRIiIML1V4Imu%252Fn%252BzU5L90Z278x5ickkCrLl8erj3ATP5raQxjc%252F%252B6ySjX2fEifM8IRbIJzJssJO9UkN3oanGXUNUbwPhDwHIrLPEjbL3LerszMu6TgIODtxvltIxYCyXKc4ISND1pxP9qkuJCEt%252Bx5ZDBPz%252B5FhHB%252BYpRfvbbQZBnDKAORUxSEBO1YvpkZnjMVtTq5iRpMrV2PZdV1UhBZZcm41nJ%252F0NgGIUJXEO4O5QP96DID3o3bfyN1S5AUwxjpHYWpZrEVIqmmyMVer6TsqXsOyOz0FfR1%252BuUN9zI5qzGnHoAR3TOVTbz8w3d9dk94ISoTB9xfV3%252FcdS%252FKqBMWrRnJH34pMwtHh%252ByxQof6nliiT5C5k12mjm%252F3GwZ6QIHwIgGPYKsQ7JCGrOAYh6wqzklRYpNMiXdGdECJDAQwqpQkGbe953hc0WXjHLo0T02tSr1nR73Z4JUZ30zjXXK5leBYj8hH%252Fi6XQ9a%252BrAsTwCpjhI2xP6385bNLf%252FzaHfwYET7GVoWwaIWhNs0ZHeyk1%252F4Gb8uGaHF71W1p2FuiyBD%252BJ5vr8o%252F7R5II79%252FSHvHXqg7uIS3JDwNZbEt3e5dxauQON15ImrcsPD46%252Fq%252BlHzqPnXHh%252BZTjHKwwpxRZlbaNq0USMFe6ByWBqrcEf1nM402iSd%252F%252BWepZQmvbF%252BHPoP4e3UOVhfKaIHNF8uNbEAkKyG1Tmdw9yCLlUUWQPHchHlMv%252BC2PXQNJugvRCncUCTRK84kBZUMyigEm7zyntEXZPRVytaDGmtorIod1lB0cd3CPLxwVHFAmzLAX97KVQJNcHttmfPQ%253D%253D%7Ccksum%3A3338564716883d1abf4562f1424f9b979262f164c546%7Campid%3APL_CLK%7Cclp%3A2334524
"SAMSUNG 27"" Curved Monitor 1920x1080 VGA HDMI 60hz 4ms LC27F396FHNXZA ( CF396 )", Open Box,4.5 out of 5 stars.,$159.99,,https://www.ebay.com/itm/SAMSUNG-27-Curved-Monitor-1920x1080-VGA-HDMI-60hz-4ms-LC27F396FHNXZA-CF396/264930618222?epid=224719905&hash=item3daf186b6e:g:VA8AAOSwhnZfqFOc
"Samsung 32"" Curved 1920x1080 HDMI 60hz 4ms FHD LCD Monitor- Black", Open Box,,$199.00,,https://www.ebay.com/itm/Samsung-32-Curved-1920x1080-HDMI-60hz-4ms-FHD-LCD-Monitor-Black/333897040776?hash=item4dbdd08388:g:-z8AAOSwqehe-RWM
Monoprice 27In Zero-G Curved Monitor. 1500R FHD. Freesync VA, Pre-Owned,,$150.00,,https://www.ebay.com/itm/Monoprice-27In-Zero-G-Curved-Monitor-1500R-FHD-Freesync-VA/313426615684?hash=item48f9ae9d84:g:tbcAAOSwcM5gMVGp
"NEW Acer 32"" Curved AMD FREESYNC 1ms 165 Hz FHD 1920x1080 Gaming Monitor HDMI DP", Brand New,4.5 out of 5 stars.,$249.99,,https://www.ebay.com/itm/NEW-Acer-32-Curved-AMD-FREESYNC-1ms-165-Hz-FHD-1920x1080-Gaming-Monitor-HDMI-DP/154325842348?epid=10042311941&hash=item23ee8979ac:g:j1AAAOSwDVhgC8j9
Dell UltraSharp 34 Curved Ultrawide Monitor U3415W 1440p (3440x1440 resolution), Pre-Owned,,$225.00,,https://www.ebay.com/itm/Dell-UltraSharp-34-Curved-Ultrawide-Monitor-U3415W-1440p-3440x1440-resolution/174641110938?hash=item28a96bdf9a:g:FwUAAOSwlKlgLHRz
"Samsung T55 Series C27T550FDN 27"" 75Hz 1000R Curved Monitor LC27T550FDNXZA", Pre-Owned,,$149.00,,https://www.ebay.com/itm/Samsung-T55-Series-C27T550FDN-27-75Hz-1000R-Curved-Monitor-LC27T550FDNXZA/353390229518?hash=item5247b2f80e:g:N8sAAOSw7fJgLEhm
"NEW Acer 32"" Curved AMD FREESYNC 1ms 165 Hz FHD 1920x1080 Gaming Monitor HDMI DP", Brand New,4.5 out of 5 stars.,$239.99,,https://www.ebay.com/itm/NEW-Acer-32-Curved-AMD-FREESYNC-1ms-165-Hz-FHD-1920x1080-Gaming-Monitor-HDMI-DP/402703050449?epid=10042311941&hash=item5dc2f8e6d1:g:BXgAAOSwcGtgMWNb
"Viotek GN24CB 24"" Curved Gaming Monitor", Open Box,,$49.99,,https://www.ebay.com/itm/Viotek-GN24CB-24-Curved-Gaming-Monitor/363300510661?hash=item549665dbc5:g:8CoAAOSwqAFgMnrL
Viotek GN27D 27” 144Hz Gaming Curved Monitor 1440p FPS/RTS VA Panel HD, Pre-Owned,4.5 out of 5 stars.,$99.00$199.00,,https://www.ebay.com/itm/Viotek-GN27D-27-144Hz-Gaming-Curved-Monitor-1440p-FPS-RTS-VA-Panel-HD/265061527582?epid=9031280773&hash=item3db6e5f01e:g:QBkAAOSwWe5eTlMW
"Dell S2721HGF 27"" LED Curved FHD FreeSync G-SYNC Gaming Monitor - Black", Open Box,,$88.00,,https://www.ebay.com/itm/Dell-S2721HGF-27-LED-Curved-FHD-FreeSync-G-SYNC-Gaming-Monitor-Black/402695955903?epid=8042696213&hash=item5dc28ca5bf:g:yAAAAOSw8ZJgLHYY
Samsung - CRG5 series 24” LED Curved FHD FreeSync Monitor LC24RG50FQNXZA, Pre-Owned,5.0 out of 5 stars.,$104.99,,https://www.ebay.com/itm/Samsung-CRG5-series-24-LED-Curved-FHD-FreeSync-Monitor-LC24RG50FQNXZA/324488681863?epid=22032298220&hash=item4b8d085987:g:lh0AAOSwZehgEG5L
"ACER ED273 ABIDPX 27"" CURVED GAMING MONITOR 1080P 144Hz W/ FREE-SYNC BRAND NEW", Brand New,,$214.99,,https://www.ebay.com/itm/ACER-ED273-ABIDPX-27-CURVED-GAMING-MONITOR-1080P-144Hz-W-FREE-SYNC-BRAND-NEW/114695940404?hash=item1ab4692934:g:kNYAAOSwv1hfbANU
Samsung 32in. Class Curved LED Monitor - White, Open Box,5.0 out of 5 stars.,$102.50,,https://www.ebay.com/itm/Samsung-32in-Class-Curved-LED-Monitor-White/353393091773?epid=10030522447&hash=item5247dea4bd:g:AHkAAOSw2qBgHr6Q
"Dell 32"" LED Curved Gaming Monitor HDMI (S3220DGF)", Pre-Owned,5.0 out of 5 stars.,$323.59,,https://www.ebay.com/itm/Dell-32-LED-Curved-Gaming-Monitor-HDMI-S3220DGF/353167131633?epid=26035358091&hash=item523a66c3f1:g:ifoAAOSwGKJf2Sci
"[PRICED TO SELL] LG 38UC99-W UltraWide Curved WQHD+ IPS Monitor 38"" 3840 x 1600", Open Box,5.0 out of 5 stars.,$600.00$900.00,,https://www.ebay.com/itm/PRICED-TO-SELL-LG-38UC99-W-UltraWide-Curved-WQHD-IPS-Monitor-38-3840-x-1600/254867903798?epid=23030652675&hash=item3b574f9536:g:rekAAOSw97RgKW-U
"Samsung CF391 32"" Curved Monitor (LC32F391FWNXZA) White", Pre-Owned,5.0 out of 5 stars.,$279.99,,https://www.ebay.com/itm/Samsung-CF391-32-Curved-Monitor-LC32F391FWNXZA-White/164711967522?epid=730056658&hash=item2659992b22:g:Ss8AAOSwuB1gL4aH
"NEW Acer 32"" Curved FHD 1920x1080 HDMI DP 165Hz 1ms Freesync LED Gaming Monitor", Brand New,4.5 out of 5 stars.,$256.60,,https://www.ebay.com/itm/NEW-Acer-32-Curved-FHD-1920x1080-HDMI-DP-165Hz-1ms-Freesync-LED-Gaming-Monitor/164705273024?epid=10042311941&hash=item26593304c0:g:oyAAAOSwdpRf3VO8
"VIOTEK GNV29CB 29"" Ultrawide Curved Gaming Monitor 120Hz 21:9 VA Panel FreeSync", Open Box,5.0 out of 5 stars.,$167.05,,https://www.ebay.com/itm/VIOTEK-GNV29CB-29-Ultrawide-Curved-Gaming-Monitor-120Hz-21-9-VA-Panel-FreeSync/184665139093?epid=10039598375&hash=item2afee66795:g:GfkAAOSw8ndgHXnz
"Samsung LC49RG90SSNXZA-RB 49"" CRG9 Dual QHD Curved Monitor- Defective", Pre-Owned,5.0 out of 5 stars.,$540.99,"$1,999.99",https://www.ebay.com/itm/Samsung-LC49RG90SSNXZA-RB-49-CRG9-Dual-QHD-Curved-Monitor-Defective/133659973463?epid=25032703242&hash=item1f1ec15757:g:c74AAOSwmZBgIbHP
Open Box Viotek GN32DB 32'' Curved Gaming Monitor 1440p 144Hz Samsung VA Panel, Open Box,,$269.99,,https://www.ebay.com/itm/Open-Box-Viotek-GN32DB-32-Curved-Gaming-Monitor-1440p-144Hz-Samsung-VA-Panel/233035167893?hash=item3641fa7895:g:9IEAAOSwIsdcCODd
"Dell U3415WB 34"" curved monitor w stand and power cord 3440x1440 WQHD #D453", Open Box,5.0 out of 5 stars.,$435.00,,https://www.ebay.com/itm/Dell-U3415WB-34-curved-monitor-w-stand-and-power-cord-3440x1440-WQHD-D453/274659206005?epid=210496467&_trkparms=ispr%3D1&hash=item3ff2f6e375:g:sE8AAOSwtvFgDotN&amdata=enc%3AAQAFAAACcBaobrjLl8XobRIiIML1V4Imu%252Fn%252BzU5L90Z278x5ickkY3FSd4Ad8xn3oRtkVexxrB%252FeMA6QDmJKUL%252FhPqqBw88Q9uW00rzFzLB5n5%252BA3R%252F%252FaM30l8R0owLbP2EOAl%252FzTUYjxlSg8HFRN8sW0dW%252BaqJA4UC4dKCWlL1xLzYZ%252F%252BU%252BAj%252FXAKauEGF7Xt57UvKTy1aoisFoQGb27iWzzLJDGp6W7jonv99ww06K2Jz30IsddhYHyYM9Ckye6%252BHhnn2mewOx02T%252B6QhFXcBcRUtLl3671SEXDC9THpXNJRX%252FDan44d8yRiP2IKMYopuxDynoFkt9qUgmq0EGNroP4Sx%252FFgBbKXOjdhXHL4IUUtEtoBlCA%252FChaLCvLNmohTq%252B%252Ffr0POGZ0w83QvpAP5QgivYDezFOnE%252F1r%252BAI%252FYvv%252B8lu6PLG2D6lNTuIFCZO4wMmZuPLwy5mejOQkHZc%252BcdKagtiozOgCcs0KWRfoKVrZiCVlAK5OZu%252FZb67vPgMSmjmRRXm2iTrWyl1D480tFTSXiG71s6OU5jUlfPp9u7wPK19XXbUYboO7b5JCnOfJRDN5Vasm3XjF20%252FXfYYXNedTtKT8zMEQG41ctBBt1hLN6YCCMpJB8NJGQIFZnHC0hxWGosoT4EyYK6%252FQl5iWpkmuKFq0hAmPS4miYRCUUXwkgv%252B9T6vN5ZY9NGhN5K%252FzlPo6TBdq5yNJQNC1G3XONb%252BxFO4WxQA6f7WuSb3vKvtFZqTJE18p4gswXjpEcpY5epsSeMWdJymMmtYOfnC0G7TUGjChs%252B83z7PNvKv%252FKG1j5iZtYNQNmSkRKNnU1YjUuN8IVJr9Q%253D%253D%7Ccksum%3A2746592060053d1abf4562f1424f9b979262f164c546%7Campid%3APL_CLK%7Cclp%3A2334524
"Deco Gear 35"" Curved Ultrawide LED Gaming Monitor 3440X1440 100Hz (LG-34-HP)",Extra $20 Off In Cart! Authorized Dealer! Ships Fast! Brand New,,$399.99,$649.99,https://www.ebay.com/itm/Deco-Gear-35-Curved-Ultrawide-LED-Gaming-Monitor-3440X1440-100Hz-LG-34-HP/323925698717?epid=15038348724&_trkparms=ispr%3D1&hash=item4b6b79e89d:g:khIAAOSw-25diPnU&amdata=enc%3AAQAFAAACcBaobrjLl8XobRIiIML1V4Imu%252Fn%252BzU5L90Z278x5ickk5v8gVt3hEWLVg%252F253w6XCVxZ%252B60GrtK9DVI6Q0gBMRXvYNkqBwGX5uQY1TYzsBdYQKjZp7%252B2SBrNdzd4IhlEtMOd6R%252F8E1p4jxGLsJajlBZHFiB6QD7du5VOPokGkJhkKXEJ98umY2t64HLObEA2FCDVAGulJbPalojUZKSxilSjk2KA6Z7CN1eLzes6QHu%252FKE3ZW25sH4KuK0VYhrxps%252FuxzzBsAFCa%252BeaZhPGRAyVZwPQzvn%252FpVvIr%252FYxzfNtc9ENpG3vbK5ncf9I50yrpu4rfkwZmMN%252BdppRfknaZq2DeKPvnUIpPxbJb99Kv88KaCteGyjxvGGmmYvV4mbQmUo6hdtBFduZ%252BF16kBfmkXJ9XrUHtqLiR7fr0tveQJ3mhTvcVAZKlu6zJpTLBfowdNXE1%252FBAId6tM0CzRwbz2eCvUYOGvQjDEvgKq35dY6TB6R7BY1GE2GvIN6gPaMO6nK3l2zCVI7gNu59covvVLoC%252Fxe%252BrMhzTamXax%252Fi1qayzg1lJy2G6J2%252B38o7o1ey2ZKsFk581vkNx0sUu968iPSreN5ZZU%252BDM9Uvsvow2wKqzAp%252BQ1ocMxQ38ZS2RvgVSZ8H1SimovzX383TTV536CtJcJkw6qeR%252F97zH9LXYxZEUYB%252BwzKBPykf6F3UJxehXnk67LKKbitljjgLomt%252BiQ0fopMNiXujLSv2IqslJ0GXIcmJ03IavpRvMLPSbsiXZjBojjVhD80BCQvnE2gPho8IXEq4nx8HpuVCEFDgXvOttoXKHdmIqMwMu6H%252FddF%252BYQ%252BA%253D%253D%7Ccksum%3A3239256987173d1abf4562f1424f9b979262f164c546%7Campid%3APL_CLK%7Cclp%3A2334524
Spectre Curved , Pre-Owned,,$160.00,,https://www.ebay.com/itm/Spectre-Curved/373463078119?hash=item56f42254e7:g:qIsAAOSw-F5gKhDG
"ViewSonic VX2768-2KPC-MHD 27"" QHD Curved Freesync VA Gaming Monitor - 16:9, 1 ms", Brand New,,$299.99,,https://www.ebay.com/itm/ViewSonic-VX2768-2KPC-MHD-27-QHD-Curved-Freesync-VA-Gaming-Monitor-16-9-1-ms/224360296092?epid=14041991291&hash=item343cea6e9c:g:TncAAOSw~atgEt-8
"LG 34UC88-B 34"" 21:9 UltraWide QHD 3440x1440 LED IPS Curved Monitor", Refurbished,5.0 out of 5 stars.,$450.00,,https://www.ebay.com/itm/LG-34UC88-B-34-21-9-UltraWide-QHD-3440x1440-LED-IPS-Curved-Monitor/233883133365?epid=7032170219&hash=item36748565b5:g:cVQAAOSwp2pf9hpc
"MSI Optix MAG301CR 30"" WFHD Curved Gaming Monitor, 200Hz, 1ms, HDR Ready ", Brand New,,$239.99,,https://www.ebay.com/itm/MSI-Optix-MAG301CR-30-WFHD-Curved-Gaming-Monitor-200Hz-1ms-HDR-Ready/224353804268?epid=7038880424&hash=item343c875fec:g:gxYAAOSwv7Zf8gRF
"Sceptre 27"" Curved Gaming Monitor - Black (C275B-144R)", Open Box,,$129.99,,https://www.ebay.com/itm/Sceptre-27-Curved-Gaming-Monitor-Black-C275B-144R/402689667934?epid=6019480998&hash=item5dc22cb35e:g:FmcAAOSw655gJt4l
"HP - 34"" LED Curved WQHD FreeSync Monitor - Silver & Black", Brand New,,$499.99,,https://www.ebay.com/itm/HP-34-LED-Curved-WQHD-FreeSync-Monitor-Silver-Black/203265789438?epid=9033948497&hash=item2f5395cdfe:g:VscAAOSwRVpgGDZX
"Sceptre 24"" Curved 75Hz Gaming LED Monitor Full HD 1080P HDMI VGA Speakers Black", Pre-Owned,3.0 out of 5 stars.,$119.99,,https://www.ebay.com/itm/Sceptre-24-Curved-75Hz-Gaming-LED-Monitor-Full-HD-1080P-HDMI-VGA-Speakers-Black/184665073596?epid=13031749181&hash=item2afee567bc:g:Q~oAAOSwC7VgCZTS
"Acer XZ242Q Nitro XZ2 Series Curved LED Gaming Monitor 23.6"" Full HD 1920 x 1080", Open Box,5.0 out of 5 stars.,$107.50,,https://www.ebay.com/itm/Acer-XZ242Q-Nitro-XZ2-Series-Curved-LED-Gaming-Monitor-23-6-Full-HD-1920-x-1080/333891225825?epid=15039568463&hash=item4dbd77c8e1:g:ZBAAAOSwT~dgKvDm
"Samsung CF392 24"" FHD LED Curved Monitor 1080p", Open Box,5.0 out of 5 stars.,$27.00,,https://www.ebay.com/itm/Samsung-CF392-24-FHD-LED-Curved-Monitor-1080p/383964523542?epid=24032319110&hash=item596611ac16:g:gVQAAOSwc4xgLyF8
"Samsung 32"" Curved Monitor CF397 Model C32F397FWN Full HD White as-is no reserve", Pre-Owned,5.0 out of 5 stars.,$12.50,,https://www.ebay.com/itm/Samsung-32-Curved-Monitor-CF397-Model-C32F397FWN-Full-HD-White-as-is-no-reserve/224354963051?epid=25013653580&hash=item343c990e6b:g:tA0AAOSwQdhgKyzg
"LG 34UC79G-B 34"" WFHD IPS Curved Ultrawide Gaming Monitor - Black", Pre-Owned,4.0 out of 5 stars.,$300.00,,https://www.ebay.com/itm/LG-34UC79G-B-34-WFHD-IPS-Curved-Ultrawide-Gaming-Monitor-Black/333890968360?epid=9030640270&hash=item4dbd73db28:g:RJEAAOSwK1tgKqhF
"MSI Optix G24C FreeSync 23.6"" Full HD LED Curved Gaming Monitor - SKU#1374742", Pre-Owned,4.5 out of 5 stars.,$159.00,,https://www.ebay.com/itm/MSI-Optix-G24C-FreeSync-23-6-Full-HD-LED-Curved-Gaming-Monitor-SKU-1374742/233903107320?epid=26021689746&hash=item3675b62cf8:g:wEMAAOSwmFFgMNny
27 inch Samsung curved gaming monitor, Pre-Owned,,$190.00,,https://www.ebay.com/itm/27-inch-Samsung-curved-gaming-monitor/224358699438?hash=item343cd211ae:g:svAAAOSw9vdgMJ3B
"Samsung CFG73 27"" 144Hz 1ms QLED Curved FHD Gaming Monitor", Pre-Owned,4.5 out of 5 stars.,$175.00,,https://www.ebay.com/itm/Samsung-CFG73-27-144Hz-1ms-QLED-Curved-FHD-Gaming-Monitor/114697150452?epid=241138776&hash=item1ab47b9ff4:g:cqcAAOSw0BJgMqDw
Sceptre C355W3440UN 35 inch LED Curved Monitor, Brand New,,$250.00,,https://www.ebay.com/itm/Sceptre-C355W3440UN-35-inch-LED-Curved-Monitor/124576682960?epid=21036085619&hash=item1d015953d0:g:gJMAAOSwWf1gLCwG
"Acer ED273 wmidx 27"" Full HD Curved Monitor with Freesync - UM.HE3AA.004",Authorized Acer Dealer with USA Warranty! Ships Fast! Brand New,5.0 out of 5 stars.,$178.00,,https://www.ebay.com/itm/Acer-ED273-wmidx-27-Full-HD-Curved-Monitor-with-Freesync-UM-HE3AA-004/313269577111?epid=9023264080&hash=item48f0526597:g:YZ0AAOSw-u9fkhF~
"Gigabyte G32QC 32"" 16:9 Curved 165 Hz Adaptive-Sync Gaming Monitor", Open Box,5.0 out of 5 stars.,$135.50,,https://www.ebay.com/itm/Gigabyte-G32QC-32-16-9-Curved-165-Hz-Adaptive-Sync-Gaming-Monitor/402700780285?epid=4039017024&hash=item5dc2d642fd:g:ZRQAAOSwVAxgMCJv
Asus 35” gaming monitor curved, Pre-Owned,,$232.50$600.00,,https://www.ebay.com/itm/Asus-35-gaming-monitor-curved/133671207968?hash=item1f1f6cc420:g:92QAAOSwpZtgKHNa
Sceptre C275W-1920RN 27inch 75hz HDMI VGA Build-in Speaker Curved Monitor, Pre-Owned,4.0 out of 5 stars.,$130.00,,https://www.ebay.com/itm/Sceptre-C275W-1920RN-27inch-75hz-HDMI-VGA-Build-in-Speaker-Curved-Monitor/174646312496?epid=27032781477&hash=item28a9bb3e30:g:G-8AAOSw4pteTjEE
"AOC - G2 Series C27G2 27"" LED Curved FHD FreeSync Premium Monitor (DisplayPor...", Brand New,4.5 out of 5 stars.,$279.99,,https://www.ebay.com/itm/AOC-G2-Series-C27G2-27-LED-Curved-FHD-FreeSync-Premium-Monitor-DisplayPor/203102839117?epid=24041810758&hash=item2f49df614d:g:~zgAAOSwpU5eoy3s
"Samsung - 390 Series 24"" Curved FHD Monitor LC24F390FHNXZA C24F390 New:Openbox", Open Box,4.5 out of 5 stars.,$118.70,$134.89,https://www.ebay.com/itm/Samsung-390-Series-24-Curved-FHD-Monitor-LC24F390FHNXZA-C24F390-New-Openbox/202966562434?epid=28026727205&hash=item2f41bff682:g:YrAAAOSwWkteRe2x
"Deco Gear 49"" Curved Ultrawide LED 3840x1080 144Hz FreeSync 4ms Gaming Monitor",Extra $40 Off In Cart! 1 Year Warranty! Ships Fast! Brand New,,$799.99,$899.95,https://www.ebay.com/itm/Deco-Gear-49-Curved-Ultrawide-LED-3840x1080-144Hz-FreeSync-4ms-Gaming-Monitor/333338308445?_trkparms=ispr%3D1&hash=item4d9c82ef5d:g:V4UAAOSwkYpdiPnV&amdata=enc%3AAQAFAAACcBaobrjLl8XobRIiIML1V4Imu%252Fn%252BzU5L90Z278x5ickkCrLl8erj3ATP5raQxjc%252F%252B5xp6rJfLSJ1x3MtMGF9kyrF1NEpgcYAS%252BhAYpCjScYhnadUfYHu3Zt52lClo3VpTMSN2IEvhLw%252Bm6jgg2%252Fqvs0bkF72%252FLiqD0cy4BavI%252BetlmHb%252FL10yyRThz6s%252BHtwRc1Sbk09S5UdYbQrfjUZXzvnp0z6n7e5daZ8NzGdSqazuripwHnW3evwRrw%252F9s%252FYfta%252Bbsse1CCoPICk0l9J6Oed7T45%252Fn3pv5%252FMpaZEAfkEWJr9D6YxFhnP3oZfAdEnzIXhsDgruKqNFY3Y%252F%252FIatHDmS6VlFmBZ%252Baaa98ReVUlE6qsUTVPNAk40%252FxXyJ8SBXiHpHV8i%252FensUnM2hPX1ElXTkYzq%252BNq0B7t15pzpSIqKKPcPG%252FgS9UedTAfvJXluKXGjiu%252Bn3lNQT%252F%252Fr1fxZDEK6sEbF2pX8amVIKPb03NxWw4VWW4CrOcRw%252BXHgG7XLtUPXj%252FDSsuRp2eBmvW5tOaCX9ogPOC64g4KdycyXTCjhbPWmrf2PRLgfZMKc%252B%252BrGbsoyaBYarhDgLwAOFPPa3kj4b45PmYex4DfXbAj5Me4fLoAdMrcxvztv%252FId0%252FM%252BYjCUOezAuHyKj72UMLk20SGrBwy5ik6VtlJN2%252BTYA5St3nTL07FHySGEcAPFEoQiLy9OYh1bB8%252B5wKCCYTdFEftihJTwwDR8TYnhikS755yAgr2RNQQbtRV5LpWtf2zGIF8ddVb2Rv2vGYoaJcWHajA4QxrMVe6pKbppOMoMSgyqgpVx66LArZRjVa2yRMk9H8g%253D%253D%7Ccksum%3A3333383084453d1abf4562f1424f9b979262f164c546%7Campid%3APL_CLK%7Cclp%3A2334524
"NEW Samsung 27"" FHD Freesync Curved LED Super Slim 1800R Immersive Black 1080p", Brand New,4.5 out of 5 stars.,$209.99,,https://www.ebay.com/itm/NEW-Samsung-27-FHD-Freesync-Curved-LED-Super-Slim-1800R-Immersive-Black-1080p/265036654618?epid=224719905&_trkparms=ispr%3D1&hash=item3db56a681a:g:aZMAAOSwOyxfKDuh&amdata=enc%3AAQAFAAACcBaobrjLl8XobRIiIML1V4Imu%252Fn%252BzU5L90Z278x5ickkXKoKcbeZcOrOku%252BoOBl%252BSw%252B039uRiUsbhlhIg%252B9mKMhT1GCZpBMoNbgMUWwvWM16UMDByskGG3XdL839STgwxvXHyN8xWsfaUdVMLfc1%252BGg91YZagngeewWbqVzP65VBafXF7FqOeetj3ADKCszGwws1vO2%252B8UhChS3Sr%252FM5mqrpKwmd4Rtcr4vzSIOrjLrJnXjQJgz3qS2VqQapoFKUq5Rdp0dO5Yenm%252B0OP7dz15Z54ePJ34WRYoQJZ4DxLpSk46QrELRCOXtUB8TMdrrKgg1w8v1VC3LSxPqDL8rwa%252FV8iZTkfiki7PQU9iZSd9534JdP2VrcoQK98ucy6vuRWXNxETvCi5Ar5Ws%252FPnDCsn1q8wi%252FJ%252Fbgnm4REcOtmJiNBQ0rmNv8fb8fC0R8FITqIsmiw9v7Da%252BM8AeqAnLayyfRKgejXa67gSsAGz3hQndveVHeicqW%252BRnImGZuPfpeouLhGpGlgU3QOGCGoD4WZ7vSBuVT7wmiWV0HShGmmq7PF7zAGL3Z5UK1xwF%252BmLP2YN924%252BOR%252FcZF5Sjm93K5efzmwEJDfOfwdi5F%252FNhQLOdlwxgJMIxM12EWnj2lTbcfZo4lFzU9%252FVAWMGpEMO1ISZB%252B0%252FkPR29qrleZ4nGTIU21Y0i6d31btQBpNY%252FZQiHf3lHbOf2QHhAax%252BocPkRXG446O18CTRoBNW%252Fpj6GD5SJbY92e1MqwD0pPRDtQ5xtaNNMoC4AI5be5HsVd1GNdj4eUpo3%252FlxTDH92Fh5WNudjDq3n7woeoFGKjB3GRSZ67cQ%253D%253D%7Ccksum%3A2650366546183d1abf4562f1424f9b979262f164c546%7Campid%3APL_CLK%7Cclp%3A2334524
"Samsung - 390 Series 24"" Curved FHD Monitor LC24F390FHNXZA C24F390 New:Openbox", Open Box,4.5 out of 5 stars.,$118.70,$134.89,https://www.ebay.com/itm/Samsung-390-Series-24-Curved-FHD-Monitor-LC24F390FHNXZA-C24F390-New-Openbox/202966562434?epid=28026727205&hash=item2f41bff682:g:YrAAAOSwWkteRe2x
"MSI Optix G27C5 27"" VA LCD Curved Gaming Monitor", Open Box,,$150.00$210.00,,https://www.ebay.com/itm/MSI-Optix-G27C5-27-VA-LCD-Curved-Gaming-Monitor/393139055566?epid=28040295110&hash=item5b88e9ebce:g:m6QAAOSw-XBgLoHB
"ViewSonic VX3268-PC-MHD 31.5"" Full HD @ 165 Hz Curved FreeSync VA Gaming Monitor", Brand New,,$259.99,,https://www.ebay.com/itm/ViewSonic-VX3268-PC-MHD-31-5-Full-HD-165-Hz-Curved-FreeSync-VA-Gaming-Monitor/224360312429?epid=17040290647&hash=item343ceaae6d:g:AYYAAOSwvZNgEH5-
Dell U3818DW UltraSharp 38 Curved Monitor, Pre-Owned,5.0 out of 5 stars.,$501.00,,https://www.ebay.com/itm/Dell-U3818DW-UltraSharp-38-Curved-Monitor/254873622755?epid=10030521977&hash=item3b57a6d8e3:g:XT0AAOSwGXNgMDFK
"ASUS ROG Strix XG27VQ 27"" Curved 144mhz Gaming Monitor 1080p", Pre-Owned,,$155.00,,https://www.ebay.com/itm/ASUS-ROG-Strix-XG27VQ-27-Curved-144mhz-Gaming-Monitor-1080p/294024271208?hash=item4475365568:g:TSEAAOSwkztgLy3e
Dell U3415W 34 inch Ultra Sharp 21:9 Curved LED IPS Monitor *READ* PC1052967, Pre-Owned,5.0 out of 5 stars.,$314.10,$349.00,https://www.ebay.com/itm/Dell-U3415W-34-inch-Ultra-Sharp-21-9-Curved-LED-IPS-Monitor-READ-PC1052967/143954041315?epid=1237611713&hash=item21845459e3:g:J0EAAOSwy8BgMDLI
Sceptre C275W-1920RN 27inch 75hz HDMI VGA Build-in Speaker Curved Monitor, Brand New,4.0 out of 5 stars.,$192.14,,https://www.ebay.com/itm/Sceptre-C275W-1920RN-27inch-75hz-HDMI-VGA-Build-in-Speaker-Curved-Monitor/143933063060?epid=27032781477&hash=item2183143f94:g:4O8AAOSw46ZgFKFm
"Acer ED242QR 23.6"" 16:9 Curved LCD Monitor 1080p", Open Box,5.0 out of 5 stars.,$19.99,,https://www.ebay.com/itm/Acer-ED242QR-23-6-16-9-Curved-LCD-Monitor-1080p/363297607672?epid=8031090135&hash=item5496398ff8:g:mf0AAOSwpAhgLry9
"ViewSonic VX3216-SCMH-W 32"" Curved Full HD LCD Monitor - 16:9, 5 ms", Brand New,,$269.99,,https://www.ebay.com/itm/ViewSonic-VX3216-SCMH-W-32-Curved-Full-HD-LCD-Monitor-16-9-5-ms/324494028866?hash=item4b8d59f042:g:MYgAAOSwbLlgEbNq
"GIGABYTE - 32"" LED Curved QHD FreeSync Monitor with HDR (HDMI, DisplayPort, U...", Brand New,5.0 out of 5 stars.,,$369.99,https://www.ebay.com/itm/GIGABYTE-32-LED-Curved-QHD-FreeSync-Monitor-with-HDR-HDMI-DisplayPort-U/324449511399?epid=4039017024&hash=item4b8ab2a7e7:g:9SsAAOSwn91f~IuL
"`Samsung LC27F396FHNXZA-RB 27"" Essential Curved Monitor - Defective.", Pre-Owned,,$89.00,$199.99,https://www.ebay.com/itm/Samsung-LC27F396FHNXZA-RB-27-Essential-Curved-Monitor-Defective/133644278654?hash=item1f1dd1db7e:g:gswAAOSww2NgCeX-
"Samsung C32F391FWN 32"" LED Curved Monitor Ultra Slim Design - White High Glossy", Pre-Owned,4.5 out of 5 stars.,$127.50,,https://www.ebay.com/itm/Samsung-C32F391FWN-32-LED-Curved-Monitor-Ultra-Slim-Design-White-High-Glossy/333891419089?epid=22032165481&hash=item4dbd7abbd1:g:Li0AAOSwrg5gKzBa
"Samsung C24F390 390 Series 24"" LED Curved FHD FreeSync Monitor black", Pre-Owned,4.5 out of 5 stars.,$20.50,,https://www.ebay.com/itm/Samsung-C24F390-390-Series-24-LED-Curved-FHD-FreeSync-Monitor-black/402701231357?epid=28026727205&hash=item5dc2dd24fd:g:Z~8AAOSwUEdfkLss
"SAMSUNG LC49HG90DMNXZA CURVED GAMING MONITOR 49"" 3840 x 1080", Pre-Owned,4.5 out of 5 stars.,$659.99,,https://www.ebay.com/itm/SAMSUNG-LC49HG90DMNXZA-CURVED-GAMING-MONITOR-49-3840-x-1080/284185207295?epid=238258751&hash=item422ac221ff:g:x7sAAOSwFsxgKmmo
"Dell 32"" LED QHD FreeSync Curved Monitor HDR 2560 x 1440 4ms 165Hz (S3220DGF)", Open Box,5.0 out of 5 stars.,$319.00,,https://www.ebay.com/itm/Dell-32-LED-QHD-FreeSync-Curved-Monitor-HDR-2560-x-1440-4ms-165Hz-S3220DGF/154337824750?epid=26035358091&hash=item23ef404fee:g:Gu8AAOSw3KtgMB7N
"[REFURBISHED] MSI Optix MAG271C 27"" FHD Curved Gaming Monitor, 144Hz/1ms", Refurbished,5.0 out of 5 stars.,$204.99,$329.99,https://www.ebay.com/itm/REFURBISHED-MSI-Optix-MAG271C-27-FHD-Curved-Gaming-Monitor-144Hz-1ms/324492013476?epid=3031758605&hash=item4b8d3b2fa4:g:Li4AAOSwB6JgMAKc
"Samsung LC32F39MFUNXZA 32"" FHD Curved Multimedia Monitor with built-in Speakers", Open Box,4.5 out of 5 stars.,$200.00,,https://www.ebay.com/itm/Samsung-LC32F39MFUNXZA-32-FHD-Curved-Multimedia-Monitor-with-built-in-Speakers/353394556184?epid=3035093701&hash=item5247f4fd18:g:mbIAAOSwRHxgMZ~G
Brand New ROG PG348Q CURVED MONITOR ( Read Description Please), Open Box,,$400.00$600.00,,https://www.ebay.com/itm/Brand-New-ROG-PG348Q-CURVED-MONITOR-Read-Description-Please/284184803799?hash=item422abbf9d7:g:4OkAAOSwdRJgKerL
"Acer 32"" in Curved 1920x1080 HDMI DP 165hz 1ms Freesync HD LED Gaming Monitor", Brand New,5.0 out of 5 stars.,$309.99,,https://www.ebay.com/itm/Acer-32-in-Curved-1920x1080-HDMI-DP-165hz-1ms-Freesync-HD-LED-Gaming-Monitor/224356854909?epid=8042787837&hash=item343cb5ec7d:g:0ckAAOSwhCxgKVSf
"MSI Optix G27c2 27"""" FHD Curved Gaming Monitor 144hz Wide View True Colors", Pre-Owned,4.5 out of 5 stars.,$100.00,,https://www.ebay.com/itm/MSI-Optix-G27c2-27-FHD-Curved-Gaming-Monitor-144hz-Wide-View-True-Colors/224355872382?epid=2302135264&hash=item343ca6ee7e:g:nLUAAOSw5wRfwqj2
"Samsung LC24F392FHNXZA-RB 24"" CF390 Curved LED Monitor - DEFECTIVE", Pre-Owned,5.0 out of 5 stars.,$69.99,,https://www.ebay.com/itm/Samsung-LC24F392FHNXZA-RB-24-CF390-Curved-LED-Monitor-DEFECTIVE/133667862603?epid=24032319110&hash=item1f1f39b84b:g:jf0AAOSwpkpfxl-A
Samsung CF390 Series 24 inch Curved LED Monitor, Pre-Owned,4.5 out of 5 stars.,$110.00,,https://www.ebay.com/itm/Samsung-CF390-Series-24-inch-Curved-LED-Monitor/203285007160?epid=28026727205&hash=item2f54bb0b38:g:1j8AAOSw3GZgMbI4
"Samsung - T55 Series C27T550FDN 27"" 75Hz 1000R Curved Monitor LC27T550FDNXZA OB", Open Box,,$163.58,$185.89,https://www.ebay.com/itm/Samsung-T55-Series-C27T550FDN-27-75Hz-1000R-Curved-Monitor-LC27T550FDNXZA-OB/184382273600?epid=25038379770&hash=item2aee0a3840:g:fu8AAOSwlFxfIy8P
"AOC C24G1 24"" Curved Frameless Gaming Monitor, FHD, 1ms, 144HZ, FreeSync - Black", Brand New,5.0 out of 5 stars.,$209.99,,https://www.ebay.com/itm/AOC-C24G1-24-Curved-Frameless-Gaming-Monitor-FHD-1ms-144HZ-FreeSync-Black/184395460037?epid=17032164271&hash=item2aeed36dc5:g:v28AAOSwZXFfMDWL
"HP Curved 27in. Monitor, Z4N74AA#ABA",30 Day Return Policy | Secondipity Pre-Owned,5.0 out of 5 stars.,$140.50,,https://www.ebay.com/itm/HP-Curved-27in-Monitor-Z4N74AA-ABA/265057611259?epid=5007160234&hash=item3db6aa2dfb:g:BBgAAOSwxPRgLXjO
Pixio PXC327 32 in 165Hz 1440p HDR AMD FreeSync Curved Gaming Monitor,"Curved AMD FreeSync, 165Hz Refresh Rate Brand New",,$309.99,,https://www.ebay.com/itm/Pixio-PXC327-32-in-165Hz-1440p-HDR-AMD-FreeSync-Curved-Gaming-Monitor/264981871355?epid=15044074462&hash=item3db2267afb:g:1TIAAOSwSRlf3Srl
Samsung 24” LED curved monitor, Pre-Owned,,$89.00,,https://www.ebay.com/itm/Samsung-24-LED-curved-monitor/203279331154?hash=item2f54646f52:g:JZkAAOSwcvFgKYPL
Samsung C27F390FHN computer monitor, Brand New,4.0 out of 5 stars.,$168.71,,https://www.ebay.com/itm/Samsung-C27F390FHN-computer-monitor/283997847253?epid=12031072436&hash=item421f973ed5:g:MK4AAOSwxUFfT6aQ
"GIGABYTE - 27"" LED Curved QHD FreeSync Monitor with HDR (HDMI, DisplayPort, U...", Brand New,5.0 out of 5 stars.,,$329.99,https://www.ebay.com/itm/GIGABYTE-27-LED-Curved-QHD-FreeSync-Monitor-with-HDR-HDMI-DisplayPort-U/203247931618?epid=10040241728&hash=item2f528550e2:g:V9YAAOSw5wlgAJ9U
"Lenovo 66A1GCCBUS G34w-10 34 Inch WLED Ultra-Wide Curved Gaming Monitor, Black", Refurbished,5.0 out of 5 stars.,$379.00,$429.99,https://www.ebay.com/itm/Lenovo-66A1GCCBUS-G34w-10-34-Inch-WLED-Ultra-Wide-Curved-Gaming-Monitor-Black/124558303942?epid=19037982376&hash=item1d0040e2c6:g:t-cAAOSw7ZlgGxn9
"HP 27b 27"" Curved Monitor Black - AMD FreeSync, 1920 x 1080, 5 ms response time",Authorized HP Dealer - Brand New - Full Warranty Brand New,5.0 out of 5 stars.,$229.99,$249.99,https://www.ebay.com/itm/HP-27b-27-Curved-Monitor-Black-AMD-FreeSync-1920-x-1080-5-ms-response-time/292963313588?epid=15033164632&hash=item4435f967b4:g:4o0AAOSwuAVcZleo
"MSI - Optix 27"" LED Curved FHD FreeSync Monitor (DisplayPort, HDMI) - Black", Brand New,,$269.99,,https://www.ebay.com/itm/MSI-Optix-27-LED-Curved-FHD-FreeSync-Monitor-DisplayPort-HDMI-Black/193632612471?epid=26039261385&hash=item2d15673077:g:1vwAAOSwy85eV-Cv
"Brand New Samsung LU32R590CWNXZA 31.5 in 16:9 Curved UHD Monitor, Dark Blue Gray", Brand New,3.5 out of 5 stars.,$300.00,,https://www.ebay.com/itm/Brand-New-Samsung-LU32R590CWNXZA-31-5-in-16-9-Curved-UHD-Monitor-Dark-Blue-Gray/313420795709?epid=8033849704&hash=item48f955cf3d:g:NcwAAOSwsbFfk7pq
"*READ* Samsung C27F591 Series C27F591FDN 27"" LED Curved FHD FreeSync Monitor", Pre-Owned,4.5 out of 5 stars.,$131.96,$149.95,https://www.ebay.com/itm/READ-Samsung-C27F591-Series-C27F591FDN-27-LED-Curved-FHD-FreeSync-Monitor/402695447479?epid=245412570&hash=item5dc284e3b7:g:6~cAAOSw4oBgK~P7
"SAMSUNG 27"" Class Curved 1920x1080 VGA HDMI 60hz 4ms AMD FREESYNC HD LED Monitor", Brand New,,$280.00,,https://www.ebay.com/itm/SAMSUNG-27-Class-Curved-1920x1080-VGA-HDMI-60hz-4ms-AMD-FREESYNC-HD-LED-Monitor/233903920206?hash=item3675c2944e:g:XKoAAOSw3R5gMagG
"Samsung CHG90 - 49"" QLED 144Hz HDR Curved Gaming Monitor *READ!* PC1052201", Pre-Owned,4.5 out of 5 stars.,$557.10,$619.00,https://www.ebay.com/itm/Samsung-CHG90-49-QLED-144Hz-HDR-Curved-Gaming-Monitor-READ-PC1052201/143954041312?epid=238258751&hash=item21845459e0:g:kuAAAOSwfYNgMDLI
"Dell - 32"" LED Curved QHD FreeSync Monitor s3220dgf PC1053044", Pre-Owned,5.0 out of 5 stars.,$270.00,$300.00,https://www.ebay.com/itm/Dell-32-LED-Curved-QHD-FreeSync-Monitor-s3220dgf-PC1053044/133670049348?epid=26035358091&hash=item1f1f5b1644:g:sscAAOSwQBtgMDLI
"Samsung c Odyssey 49"" QLED Curved Monitor C49HG90DMN PC1053043", Pre-Owned,,$630.00,$700.00,https://www.ebay.com/itm/Samsung-c-Odyssey-49-QLED-Curved-Monitor-C49HG90DMN-PC1053043/154337884310?epid=26038086992&hash=item23ef413896:g:oAgAAOSwDJRgMDLI
"Acer Nitro - 34"" Curved Monitor UW-QHD 3440x1440 75Hz IPS 21:9 1ms MPRT 300Nit",The Official Acer Recertified Store Refurbished,,$429.99,$558.99,https://www.ebay.com/itm/Acer-Nitro-34-Curved-Monitor-UW-QHD-3440x1440-75Hz-IPS-21-9-1ms-MPRT-300Nit/254860627498?_trkparms=ispr%3D1&hash=item3b56e08e2a:g:6ygAAOSwOK9gIV8n&amdata=enc%3AAQAFAAACcBaobrjLl8XobRIiIML1V4Imu%252Fn%252BzU5L90Z278x5ickkrDx%252B2NLp21dg6hHbHAkGMYgb%252F8yCsM5xOOfGYJikt%252FgV%252BKcXWCzs2aTGyp%252FfXwY%252BkjTA9ODUVuDqzJQqy1u27fweBUGJYva1EVDl8HGXn9B%252FkDPfqdU4W0T2ECeqFBgsI0z%252FvW8VidXRejWz0JzLIwY1YFSz2aCUOLuZJbYih7lxOW42ouX5TvHdmkFYA7KgWRsZtJjSi6mOCD4ryfifdPd5C%252F1jPN3Yr6tV9wLqQ8kwu%252FCpaO%252FXE1V94HrQluswFDwyohhrBCxzVYzXCjH2GkEWWKhq7p4j1exhDm%252FDs3wwSfeREjHoigKEwUfYGelhEC5tGzCCESwAognm2huavN8QENEYmxE7pQD6%252BdMPXWJB27Y0kpf0pJ5RKzl3fwYa995b%252Fvo%252BxW0vNXkM72ddS%252BX4GfVwHI3xyQBIw4h3GoiMvT4IUTP5FJvihQtJaHVDrWD46Vcga2oLMFJRJgqmFR%252BzdOxs8R%252F%252FbU6bLKrcafUDYkUg9qaiGKvl5zvysKgjOkxcpIU%252F9sKdI6BYADhjPCyr%252B%252BNPdmwONB0Kd6KfsfQZGBpuvVYhW0LwUyvXd1C0O%252BWwghoRdIh3R5Lx%252BOOpObAoNitMwr2qcQeV8Qnyl%252FifM3dnJrpfnG4w34I9CvN2FCo0quvJ25Sok8zlRjwlBxlDgLxqG%252F%252BTgo64sXbZLzVdut8jJl1E6lCkIPOEqOrEBc91WBUlT1x9d8f3WA1HBJ7vipT%252FXOk4Yw6w%252Bt6mdu%252Ffx80fuVS47aw6I%252BSTt7je4ZsfClVA1NvD1F5APqbxwg%253D%253D%7Ccksum%3A254860627498f04680d4c18442febea0971edc1d71c1%7Campid%3APL_CLK%7Cclp%3A2334524
Asus TUF Gaming VG35VQ 35” Curved HDR Monitor PC1052827, Pre-Owned,,$360.00,$400.00,https://www.ebay.com/itm/Asus-TUF-Gaming-VG35VQ-35-Curved-HDR-Monitor-PC1052827/143946795959?epid=11043223747&_trkparms=ispr%3D1&hash=item2183e5cbb7:g:UysAAOSwZpdgJucD&amdata=enc%3AAQAFAAACcBaobrjLl8XobRIiIML1V4Imu%252Fn%252BzU5L90Z278x5ickk7d4nremBkvNKtcC0ZwqXDGd1TI%252FBkNIPoF3%252BWAtTHkrEeBshTO0I79tRrIs4tNTxkwpnBwa5eVEo7TXwAjuMuC%252BXGvzn9ywYBKfIgA0V1m6NDb3T4QpiocRhM8%252BeDDWx5vV3p4Ls737irYgSxFlOGw715xYWdaeVriRvSVeHOgMx6G%252B06bgOPPZsxBkYroRonlNQQEwCZxo1SdNtr7EiEVhCo8pOZx2Z5qLn%252Bsgd%252FhCbknasw5lQuK3MwlPd5QFMnKKgbK7%252BP2EejgSl%252FX%252FcdRj17y78tQeWaefv2sLB1g8U296321NwkvlrpyWL0NDHAtsMdS4HPwu%252BWQRBdg1XV6sVApq2kW9DtE%252BgeUcGFsBtsTfaLBrPlFfJ4NOFDF7QQblWW%252F7Di65sm6nKkLS%252BRIMb8h7PxJiJJkKJw6iUZtrjAf5Kg%252BHx2SSAPk6qXwV6nUx8Kxfw2VX7zFg2hwnDxcawNgiLV1s%252B7zR0wmPgvrJcbOJDEGWhfNN9KgyOZ%252BJ05LvKfUWXB93RG74jmhJTOzsvvOnfiswnWZyFjkBkrEkM0JDSVl760yoYnKm8g4wXi%252BVvOnLOM3k439ZiLUmiRRpPkPq376g29hAjm5mLg0o9k5HK3ltZcJd7rHOH3JDujr1rrdu0On5YjCKiWu0WVaIZy4pmfLXt7bcfe%252FP3yHxtXRHRaEp7OSxqHRy0858TERaqYsV89qllK7Jjxk9%252BkGEIFohT%252Fn31TnVAychYvVoyfBrVXDn5W%252BDkFxuYxmY4vgZyfhwrUCiUk9Yi0dYVyA%253D%253D%7Ccksum%3A143946795959f04680d4c18442febea0971edc1d71c1%7Campid%3APL_CLK%7Cclp%3A2334524
"AOC C24G1A 24"" Curved Frameless Gaming Monitor, FHD 1920x1080, 1500R, VA, 165Hz", Refurbished,,$180.00,,https://www.ebay.com/itm/AOC-C24G1A-24-Curved-Frameless-Gaming-Monitor-FHD-1920x1080-1500R-VA-165Hz/393133921438?epid=4041928642&hash=item5b889b949e:g:h4EAAOSwSTlgK8Tg
, Brand New,4.5 out of 5 stars.,$284.99,$399.99,https://www.ebay.com/itm/NEW-Acer-32-Curved-FHD-1920x1080-HDMI-DP-165Hz-1ms-Freesync-LED-Gaming-Monitor/353269871455?epid=10042311941&hash=item524086735f:g:mKwAAOSwVIZfqWLo
Viotek GN34C 34-In 21:9 Ultrawide Curved QHD Monitor Gaming Professional 1440p, Brand New,5.0 out of 5 stars.,,$499.99,https://www.ebay.com/itm/Viotek-GN34C-34-In-21-9-Ultrawide-Curved-QHD-Monitor-Gaming-Professional-1440p/223244770782?epid=15033527226&hash=item33fa6cddde:g:M2IAAOSwj-Rb9nsV
"Open Box VIOTEK GNV32DB 32"" Curved Gaming Monitor 144Hz WQHD 1440p G-Sync-Ready", Open Box,4.5 out of 5 stars.,$269.99,,https://www.ebay.com/itm/Open-Box-VIOTEK-GNV32DB-32-Curved-Gaming-Monitor-144Hz-WQHD-1440p-G-Sync-Ready/233623697148?epid=5038105069&hash=item36650eb6fc:g:Z4YAAOSw7Ghep8vO
Open Box VIOTEK GNV27DB 27-Inch 144Hz Curved QHD Gaming Monitor 1440p FreeSync, Open Box,5.0 out of 5 stars.,$249.99,,https://www.ebay.com/itm/Open-Box-VIOTEK-GNV27DB-27-Inch-144Hz-Curved-QHD-Gaming-Monitor-1440p-FreeSync/313081168670?epid=15037773538&hash=item48e517831e:g:uR4AAOSwIYdehE57
"Samsung T55 Series 27"" 75Hz 1000R Curved Monitor LC27T550FDNXZA SCRATCHES** READ", Pre-Owned,,$85.38,$89.87,https://www.ebay.com/itm/Samsung-T55-Series-27-75Hz-1000R-Curved-Monitor-LC27T550FDNXZA-SCRATCHES-READ/184640695344?epid=25038379770&hash=item2afd716c30:g:fDEAAOSwT9dgE0Va
Samsung C27F398 27 inch Curved LED Monitor, Pre-Owned,4.5 out of 5 stars.,$100.00,,https://www.ebay.com/itm/Samsung-C27F398-27-inch-Curved-LED-Monitor/224355840835?epid=224719905&hash=item343ca67343:g:DRIAAOSwRd5fF8sz
"Sceptre 24"" Curved Gaming  Full HD 1080P", Brand New,3.0 out of 5 stars.,$144.98,,https://www.ebay.com/itm/Sceptre-24-Curved-Gaming-Full-HD-1080P/383690403713?epid=13031749181&hash=item5955baef81:g:6FYAAOSwRO9fQ~xD
"ViewSonic VP3881 38"" IPS UltraWide QHD+ Curved Monito (E31)", Open Box,5.0 out of 5 stars.,$799.99,,https://www.ebay.com/itm/ViewSonic-VP3881-38-IPS-UltraWide-QHD-Curved-Monito-E31/274691009821?epid=23008053083&hash=item3ff4dc2d1d:g:zsUAAOSwMTdgMWOp
"ASUS DESIGNO CURVE MX38VC UWQHD MONITOR 38"" 3840 x 1600", Pre-Owned,,"$549.99$1,299.99",,https://www.ebay.com/itm/ASUS-DESIGNO-CURVE-MX38VC-UWQHD-MONITOR-38-3840-x-1600/284189171224?epid=28037696633&hash=item422afe9e18:g:OfIAAOSwEcNgLrV3
"LG 34GL750-B 34"" 21:9 ULTRAGEAR CURVED WFHD 144HZ G-SYNC GAMING MONITOR", Pre-Owned,,$237.50,,https://www.ebay.com/itm/LG-34GL750-B-34-21-9-ULTRAGEAR-CURVED-WFHD-144HZ-G-SYNC-GAMING-MONITOR/284189311731?hash=item422b00c2f3:g:9kkAAOSwvm9gLt5X
"Dell - S2721HGF 27"" Gaming - LED Curved FHD FreeSync and G-SYNC Compatible", Brand New,,$229.99,,https://www.ebay.com/itm/Dell-S2721HGF-27-Gaming-LED-Curved-FHD-FreeSync-and-G-SYNC-Compatible/124582625334?hash=item1d01b40036:g:YmAAAOSwga1gMHF1
"NEW SAMSUNG 32"" Curved  Multimedia FHD Monitor  LC32F39MFUNXZA - GAMING MONITOR", Brand New,5.0 out of 5 stars.,$349.00,,https://www.ebay.com/itm/NEW-SAMSUNG-32-Curved-Multimedia-FHD-Monitor-LC32F39MFUNXZA-GAMING-MONITOR/313393066975?epid=23038174485&_trkparms=ispr%3D1&hash=item48f7aeb3df:g:YXoAAOSw~xRgDRNN&amdata=enc%3AAQAFAAACcBaobrjLl8XobRIiIML1V4Imu%252Fn%252BzU5L90Z278x5ickkRjLZq23gAR%252BKma9gM2Z1htfLqQ2vEImkt%252BPQSj8A6EXSBgt2rPzNJ1l%252B5WQ7gfHimN0i%252FbVJ0%252FkHSoP1qAqNx6WEv%252FXOM7XzMFPbwUNIvH53gM6KcGhvXwRX%252FkH4AVcMYdAV9QLlIxG%252B5bHB8Q2P%252FOlTiImFt0zfXndzmcSkrloZJuNATmsjiG%252F3wDg8GkynV18Us3Y%252BGQT4dCO4mqxvv%252B0Do1n%252FlXTJxmwVzPY0iswktLSCe4zmKaoT2MuNAYGknJZdiI2xtdOqK3wSt0vPbqRiSJTyLWS8nuXbMAQ53SFFZ18iOPX8B3ppT3%252FTniT41sjPf0Cb0pyqSOIn5wo6jpQIiniYCcEa88N4xsQ3WjiCbX9F9XLaRkoxcZcrolDvCR4YLEz2RKMy61ohlMpRkAbeKJS6Kzaipr37aC46Pp8QtseNj%252FLsA8jBmuxcPWBYFyJBpU8PmuezUNtWefmhfc8fOsI0S%252FjQs5rkcRjnSuFY1ZLQeS17PvBDFKQbhiWC6xXiyE%252BMzFc3TvTaeQQUtCF9VnqbF4GGrTbUI9K2wYt6e9ZqY9vdIv3R9X1sn49E%252BLu1ywP73RKS%252BlF5cOG7RzNEu%252FCu7hlOWlCknQois8TjDOKuEspXTOY4ONcrpKfQoWP46MyIL7BCNKjwiBDPKNrrEYB8OIjhfC9BI%252B0aj3Iap5STxqC5jEvLFy7e93TmRiip7WKANHbKc6fw5c%252BxpDqW3b%252BxRdadzaaYfhhQrjBvf7RNhhmiI1qjhPG%252F0hjpJYzNQNwSejSmr19zhsKkyA%253D%253D%7Ccksum%3A313393066975f04680d4c18442febea0971edc1d71c1%7Campid%3APL_CLK%7Cclp%3A2334524
"Acer Nitro XZ272 sbmiiphx 27"" Curved 165Hz 2xHDMI OPEN BOX", Open Box,,$191.25,$225.00,https://www.ebay.com/itm/Acer-Nitro-XZ272-sbmiiphx-27-Curved-165Hz-2xHDMI-OPEN-BOX/284123379373?epid=9037139405&_trkparms=ispr%3D1&hash=item422712b6ad:m:mYiXedXRUOvkLa7kAMBQdQQ&amdata=enc%3AAQAFAAACcBaobrjLl8XobRIiIML1V4Imu%252Fn%252BzU5L90Z278x5ickk7PdDazAlGltMLJlUhrWsD1PjGvX%252FxrSrJkKQh54AOmDl5s6YIq0UaP%252BHUcZ%252FMyxyiKtqcHOX23ZrzjV6jpWlCpNL43FJmiSzCIGqq8XCr7qqN%252BKkJZAd3g1S%252BACYIFfG3rKMBRSRYQLvW1OPkXs9czeDZ2PZMRFRVNTaOalpzb3ehILs%252BKmqo4B8C2xKX2asNBFW%252FB9lTZ2Eo0FnUrLcbZBdoW0%252FtFQn10HBiAJkjRd5hF3XgxpuP6HwdQRWLzS2wucwcgSUpyGcxuZHPHG1%252BqWq3np%252BVEad4qMGtZ3lMzba%252B2YWVwFlwS2m12BWZjetmh2hnwOSvjnk5iN%252F8iVFr3xze%252BBBmEgx4StyucJaiXsRKgzNeWMIUal%252Fh%252FHZGawZ%252BcTOgr4foPWkU3mFZw8n1ZITu3EYAbkxZg%252B1QXWSkmuw5dR8ayO3yPDhwUDOLX98w6vnounVuw9l8BZY2qLqKtTvowT7eaAn3heOsnk4f5NpSiEGosqWYxWI6SwG0%252BKwGkfuIXoBq8XFjtDRm2Wpus5Mg%252BthFl3JWaX79LQtGb5jiPW8SySU0WbFdKPnExMRHpbEDCTx7yjDQXM5LKnX0Gf10cSLv3ZUONYZZsLqcnytRKdR8m5xIYnw2D5iyBhzrrT0LZ7P4Hz02gcvvppjF104TlhcgOR8h6xXpu%252FXPNZx1LsptgHc7vYouM5ZZ5tMzpY1DxB9dZ6Wz5Ed5BKsXxr2VL1j%252ByBpFvef0OLyhfPT02z%252FBBCWUe6hFwQllSxwQ9Pul%252FG51MAghGEqFSPeaw%253D%253D%7Ccksum%3A284123379373f04680d4c18442febea0971edc1d71c1%7Campid%3APL_CLK%7Cclp%3A2334524
"GIGABYTE G32QC 32"" Widescreen LED monitor-curved- 2560x1440 QHD @ 165 Hz 2xHDMI", Brand New,5.0 out of 5 stars.,$382.00,,https://www.ebay.com/itm/GIGABYTE-G32QC-32-Widescreen-LED-monitor-curved-2560x1440-QHD-165-Hz-2xHDMI/324492035998?epid=4039017024&hash=item4b8d3b879e:g:Q0sAAOSwgjVgMAW7
"Samsung C27F591FDN Series 27"" LED Curved FHD FreeSync Monitor Silver", Pre-Owned,4.5 out of 5 stars.,$169.95,,https://www.ebay.com/itm/Samsung-C27F591FDN-Series-27-LED-Curved-FHD-FreeSync-Monitor-Silver/363296464022?epid=245412570&hash=item5496281c96:g:qQcAAOSwHCVgLVM~
"Dell UltraSharp U3818DW 38"" 21:9 Curved IPS Monitor *REFURBISHED*", Pre-Owned,,$455.00,,https://www.ebay.com/itm/Dell-UltraSharp-U3818DW-38-21-9-Curved-IPS-Monitor-REFURBISHED/313421826436?hash=item48f9658984:g:2W4AAOSwSQpgLDR5
"Samsung 390 Series 24"" LED Curved FHD FreeSync Monitor Black C24F390", Pre-Owned,4.5 out of 5 stars.,$99.95,,https://www.ebay.com/itm/Samsung-390-Series-24-LED-Curved-FHD-FreeSync-Monitor-Black-C24F390/402700886707?epid=28026727205&hash=item5dc2d7e2b3:g:~S4AAOSwmIBfIuSx
Sceptre C275W-1920RN 27inch 75hz HDMI VGA Build-in Speaker Curved Monitor, Pre-Owned,4.0 out of 5 stars.,$105.00,,https://www.ebay.com/itm/Sceptre-C275W-1920RN-27inch-75hz-HDMI-VGA-Build-in-Speaker-Curved-Monitor/193905685876?epid=27032781477&hash=item2d25adf574:g:3YMAAOSwefBgJ~o8
"ACER ED273 ABIDPX 27"" CURVED GAMING MONITOR 1080P 144Hz W/ FREE-SYNC BRAND NEW", Brand New,,$214.99,,https://www.ebay.com/itm/ACER-ED273-ABIDPX-27-CURVED-GAMING-MONITOR-1080P-144Hz-W-FREE-SYNC-BRAND-NEW/114695940404?hash=item1ab4692934:g:kNYAAOSwv1hfbANU
"Dell (S2721HGF) 27"" Curved Gaming Monitor", Open Box,,$210.00,,https://www.ebay.com/itm/Dell-S2721HGF-27-Curved-Gaming-Monitor/313427486395?epid=8042696213&hash=item48f9bbe6bb:g:cvQAAOSwQdhgMpjz
"[REFURBISHED] MSI Optix MAG321CQR 31.5"" WQHD Curved Gaming Monitor, 144Hz, RGB", Refurbished,4.5 out of 5 stars.,$329.99,$399.99,https://www.ebay.com/itm/REFURBISHED-MSI-Optix-MAG321CQR-31-5-WQHD-Curved-Gaming-Monitor-144Hz-RGB/143950835920?epid=11033840538&hash=item21842370d0:g:I1kAAOSws7VcUiyb
"Samsung LC32JG56QQNXZA-RB 32"" JG56 WQHD Curved Monitor - Certified Refurbished", Pre-Owned,5.0 out of 5 stars.,$379.99,$449.99,https://www.ebay.com/itm/Samsung-LC32JG56QQNXZA-RB-32-JG56-WQHD-Curved-Monitor-Certified-Refurbished/133615991909?epid=17034671919&hash=item1f1c223c65:g:UQoAAOSwN4Zf49HL
"Sceptre Curved 27"" 75Hz LED Monitor HDMI VGA Edge Less 2019 Very Gently Used", Pre-Owned,,$105.00$140.00,,https://www.ebay.com/itm/Sceptre-Curved-27-75Hz-LED-Monitor-HDMI-VGA-Edge-Less-2019-Very-Gently-Used/353391524934?hash=item5247c6bc46:g:8n0AAOSwxCVgJKfz
Samsung CRG5 series 24” LED Curved FHD 144hz FreeSync Monitor LC24RG50FQNXZA SR, Refurbished,5.0 out of 5 stars.,$160.45,$168.89,https://www.ebay.com/itm/Samsung-CRG5-series-24-LED-Curved-FHD-144hz-FreeSync-Monitor-LC24RG50FQNXZA-SR/203062731495?epid=22032298220&hash=item2f477b62e7:g:G3oAAOSwnFJf0okT
Alienware AW3420DW 34 in WQHD 120Hz Curved Ultrawide IPS Gaming Monitor NEW , Pre-Owned,5.0 out of 5 stars.,$700.00,,https://www.ebay.com/itm/Alienware-AW3420DW-34-in-WQHD-120Hz-Curved-Ultrawide-IPS-Gaming-Monitor-NEW/164714307757?epid=14037472204&hash=item2659bce0ad:g:zXwAAOSw55NgMR01
"LG 35WN65C-B 3440 x 1440 35"" Curved LCD Monitor", Open Box,,$419.99,,https://www.ebay.com/itm/LG-35WN65C-B-3440-x-1440-35-Curved-LCD-Monitor/274658634959?epid=17044289293&hash=item3ff2ee2ccf:g:U98AAOSwEtBgDe6u
MSI Optix MAG271VCR 27  FHD Gaming 1800R Curved Monitor 165Hz - 1920 x 1080 FHD, Brand New,5.0 out of 5 stars.,$269.99,,https://www.ebay.com/itm/MSI-Optix-MAG271VCR-27-FHD-Gaming-1800R-Curved-Monitor-165Hz-1920-x-1080-FHD/293903354248?epid=26042534931&hash=item446e014988:g:YEkAAOSwPYNf2vRy
LG UltraGear 38GL950G-B 38 inch Curved IPS LED Gaming Monitor - Black, Pre-Owned,,$990.00,,https://www.ebay.com/itm/LG-UltraGear-38GL950G-B-38-inch-Curved-IPS-LED-Gaming-Monitor-Black/383955679491?epid=19036455411&hash=item59658ab903:g:GP4AAOSw3TJeqvjg
"Sceptre C305B-200UN 30"" Curved Gaming Monitor", Open Box,4.5 out of 5 stars.,$200.00$260.00,,https://www.ebay.com/itm/Sceptre-C305B-200UN-30-Curved-Gaming-Monitor/233901246270?epid=28034986813&hash=item367599c73e:g:6M8AAOSwjWJgLwOX
"LG 38WN75C-B 38"" IPS LED Curved Monitor PC1052677",USED SEE PICS AND DESCRIPTION Pre-Owned,5.0 out of 5 stars.,$494.10,$549.00,https://www.ebay.com/itm/LG-38WN75C-B-38-IPS-LED-Curved-Monitor-PC1052677/143940075833?epid=22038391588&_trkparms=ispr%3D1&hash=item21837f4139:g:It0AAOSwMbxgHoS1&amdata=enc%3AAQAFAAACcBaobrjLl8XobRIiIML1V4Imu%252Fn%252BzU5L90Z278x5ickk7d4nremBkvNKtcC0ZwqXDP2R26CvA2rlEykUFk0de2wu2mVML8TOvTrOhylm1ClCpRUUqsaiadgfnA1HRrkSSqqWQpN%252BvJHEPqLMSyC91yxPksOUKlmEy%252FvGJyX6JjuVtajgU%252FwnjzQMqEKIWf63TnnRSSAuTVnEpdIdG5EroOoKIu5BYa9OCAqqCoxRiHj3PuIKiPChfY1d1cLv6qGouE2StdHsUXlMHnlB6IxzZjbpNYAzQVqwHOItp%252Bae5iVVHI3Wx9wsU%252FQPUkI4eyx8YJL1HGOXE2dof%252FELMVnRh%252Bys%252BDekzpJCc7HIazwRGlgzi7tS9o2s2wil%252BilpfFVjG7XbHPfcrzm%252FR7j7gONAJ2M5tpzZyNcZhjnL3hncDhoLr9hMXAvJuvWjjAHmoUbJ6ofykB6gHI%252FxAVJYgyDHDtWBp%252FOD3m8zv4CV0SNR3aKBaSS6xHTzGYXLGUjA%252BulLvpBnBZMjduCfy7FjK4GbXvCuJD%252F%252BZRsz3QHjRJzlmDScpkUOwakwwZoOaDIPfDLb22a%252BU66pC5aknEuAf9FzfT0wfU5SLBC8UmCYBAWH78U6RNZhEzOYUQyQIuwT0kE1256mDFhOXY3QveG%252BXgbgfK1bD31z%252FV6rESRDNgXUWOM6ytEExlcTTO02EwxMqMk60rC0Sz2%252Fah4HUU%252B5CCw9mwovrzN9ameGGnO3U3%252B5Pr0YDg%252F0DqNtoxBYzZm%252FsmCjHyyV4RO8rFixCtgYXsIBXY5Pvl4EHVYEDeLaiRdkV1zC5GXXNrzFRFYoRlSvU41vsw%253D%253D%7Ccksum%3A143940075833836e280cc4d54c4dbd6258d598d5fac9%7Campid%3APL_CLK%7Cclp%3A2334524
"Samsung C43J890 43.4"" 32:10 Ultra-Wide Curved 120 Hz LCD Monitor", Open Box,5.0 out of 5 stars.,$749.99,,https://www.ebay.com/itm/Samsung-C43J890-43-4-32-10-Ultra-Wide-Curved-120-Hz-LCD-Monitor/254872285186?epid=27033917500&hash=item3b57927002:g:T8EAAOSwPzVfz6pY
"AOPEN 27HC2R 27"" Curved Gaming Monitor 1920x1080 16:9 4ms AMD FreeSync",Official Acer Recertified Store (Certified Refurbished) Refurbished,,$239.99,$371.99,https://www.ebay.com/itm/AOPEN-27HC2R-27-Curved-Gaming-Monitor-1920x1080-16-9-4ms-AMD-FreeSync/274365736453?epid=26041366821&_trkparms=ispr%3D1&hash=item3fe178e605:g:wLwAAOSwNp1evT62&amdata=enc%3AAQAFAAACcBaobrjLl8XobRIiIML1V4Imu%252Fn%252BzU5L90Z278x5ickkY3FSd4Ad8xn3oRtkVexxrPHpAa4We%252FBqXgaQj4DW8xRHN01dy3%252BDPxghZsRhzrm5ygIeS3%252FZuoO7DpYxe4JAnnl%252BuSF8MQHRcEREvsm%252BhFcaApVh3VUzzDJOwd0dbx6KMLhlAS%252FaG7xCab65opHLAyiWUPHr05Gt3pDhu1%252B%252BJ5BNGly3uxFC7DZ%252BRlX5FEgYXO1UVk3xrWVUqAL5MA6jhhVnhGD%252BF59Ms%252FUCfm7wSH%252FJN4cCVlOKWqFuUrzXWF%252FQzUHVAFYRdVFEE9JjOj9JDoiCHlJ1apy0LeYn3CDxEIK%252BkZmJl6jND3KJdnD7VyNFy1EaAc9HlGjawjzf4gBU4o3%252F2nhmt%252Bc%252FhFdtEvsLiiXTAxcjELuL4QF%252B4q7SAdRbJJ%252B3oOXLV2z2d0YnAajSQ15B0OOowNNk7r9u1QtH5qvBTP7WcvB0u%252FcNWfTIpFhBPm8iAvK%252B%252Bjp3n%252B6T7%252BA9zYffMOEFoDWR%252B6lMQdswcYeuNCYQLelejbqZkcSf3cfSIXi1RX%252Bi2Gbx%252Fn8qoPTnc5rsWMrIsGvYuncsmPRRrFJb21QjOW3EfKIywezM3wU%252FtAfNBKjmzmxq%252FOfUEIw07A%252BhO91%252BTmhJfqhkwe%252FnxwVZraix%252FjcK8teD%252BkeLo3Lgosy4iZH5fnZHz0fEt5zxYaFPkfPQudSkT9K3Eh3gUQbMmw3wXzsfADBAH6tQLuQLOH2YmfNMjhWNw6YqydAhLQjok%252BM2obE8yMwYXsZPlz1gTd8yuiledmOM34EiJA4ZAYCCbVdiRYrIDqL92N0WCA%253D%253D%7Ccksum%3A274365736453836e280cc4d54c4dbd6258d598d5fac9%7Campid%3APL_CLK%7Cclp%3A2334524
Legion Y44w-10 43.4 Inch WLED Ultra-wide Curved Panel HDR Gaming Monitor w/ Spkr, Refurbished,,$599.99,,https://www.ebay.com/itm/Legion-Y44w-10-43-4-Inch-WLED-Ultra-wide-Curved-Panel-HDR-Gaming-Monitor-w-Spkr/373461846366?epid=12035905496&_trkparms=ispr%3D1&hash=item56f40f895e:g:X7QAAOSwzQxgKyPL&amdata=enc%3AAQAFAAACcBaobrjLl8XobRIiIML1V4Imu%252Fn%252BzU5L90Z278x5ickk8ihYa55VeJusc0Ydu6jng7I38AVGgp7yb1MY1Jka1OFcjU7wP9nLqYy3hLpJPOc3wOPcNzraDs6g%252FWl2yzPQHbExtK7U4766jqonEuFRz14Q%252FSSvqogcVlNk7BraqssOtOYRwIM5FJN8q7F%252F0XYFKyb%252FwQkhCtCpCaWzVvmrNPpOVPA5EKxRp3NFN6oNQRZLMMTu2Tn7FIjPVAek3CHYiPijtI0HKv6mNkb%252FaySf0HWgGSlWgZLFDFVkwlhgav%252B8joRNbN%252FwOu4xsyDU3eFDtlxzk4aCRxL0GQzFL7nReVjSOjA0qPnyuqvEpMhQa80aLvjEazME0EJPo0u8MQIzsFHg29vWPYtJKycenAVwaYgnFnwWw7Kbe4eLFLUjDNuL07sJZDpsC%252BQhRPtDBP6plio9j%252F%252BkFm2rbyOspbn3obl8gfq3azvB7IzkwrLbpco35ZUAky5XPgEhRdy9l9mqVaF73BBOZBfJBIB49zLLTzIGdcdQe2pPIN7KKtW17ezoyP5emALAiMGAGJIdCPF7ON8llogcQlQZrEywgupwqJcgD5I6kv9AmyQNZPZ9M4Ms0JQs2%252BSlGnd%252FM4f0HGYy%252BOC0brB%252BMz82jxP0VL7ZoGelaGMS6EBBt3rEuA37BacZhhI3Vw05GfBGRiUjamNBaNEJnAChzG7sNI9jt%252FPlwga8Fja0jNhOqS4buUfxdej4at5jtmySJL6Wq9NvFH%252FoK9plQKJ75zY4%252BcNjP9iSR2z%252F75XxxHYJPWIxa%252Bq4iuW4nObw0dX61nMZ59JcrRGF5g%253D%253D%7Ccksum%3A373461846366836e280cc4d54c4dbd6258d598d5fac9%7Campid%3APL_CLK%7Cclp%3A2334524
"MSI Optix G27C4 Optix 27"" Curved Full HD LCD Gaming Monitor NEW", Open Box,5.0 out of 5 stars.,$210.00,,https://www.ebay.com/itm/MSI-Optix-G27C4-Optix-27-Curved-Full-HD-LCD-Gaming-Monitor-NEW/203277543316?epid=18035576183&hash=item2f54492794:g:OLoAAOSwL91gJ2Op
"Dell U3415WB 34"" ULTRASHARP curved Widescreen IPS LCD w/ stand 3440x1440", Pre-Owned,5.0 out of 5 stars.,$300.00,,https://www.ebay.com/itm/Dell-U3415WB-34-ULTRASHARP-curved-Widescreen-IPS-LCD-w-stand-3440x1440/324493307254?epid=1239291156&hash=item4b8d4eed76:g:5XkAAOSw2bpgMYlP
"Open Box VIOTEK GNV34DB 34"" Ultrawide Gaming Monitor Curved VA Panel 100Hz 1440p", Open Box,5.0 out of 5 stars.,$349.99,,https://www.ebay.com/itm/Open-Box-VIOTEK-GNV34DB-34-Ultrawide-Gaming-Monitor-Curved-VA-Panel-100Hz-1440p/223950867425?epid=14038157705&hash=item3424830be1:g:loIAAOSwrcZecuTD
"Samsung LC27F391FHNXZA-RB 27"" CF391 Curved LED Monitor - Screen Damage.", Pre-Owned,,$49.99,$249.99,https://www.ebay.com/itm/Samsung-LC27F391FHNXZA-RB-27-CF391-Curved-LED-Monitor-Screen-Damage/133663149689?hash=item1f1ef1ce79:g:0SQAAOSw~eRgHBrd
Samsung CF591 LC27F591FDNXZA Curved LED FreeSync Gaming Monitor Light Scratch, Pre-Owned,4.5 out of 5 stars.,$161.38,$169.87,https://www.ebay.com/itm/Samsung-CF591-LC27F591FDNXZA-Curved-LED-FreeSync-Gaming-Monitor-Light-Scratch/184611894009?epid=245412570&hash=item2afbb9f2f9:g:NOUAAOSwc7Ve2BgP
MSI Optix G241VC 23.6  FHD FreeSync 1ms 75Hz 1800R Curved Gaming Monitor - 1920, Brand New,5.0 out of 5 stars.,$163.33,,https://www.ebay.com/itm/MSI-Optix-G241VC-23-6-FHD-FreeSync-1ms-75Hz-1800R-Curved-Gaming-Monitor-1920/303861238725?epid=20033965960&hash=item46bf8a8bc5:g:DFMAAOSwY8BgD7Dr
Samsung LC27F391FHNXZA 27 inch Curved Widescreen LED Monitor, Brand New,4.5 out of 5 stars.,$249.00,,https://www.ebay.com/itm/Samsung-LC27F391FHNXZA-27-inch-Curved-Widescreen-LED-Monitor/274674370812?epid=809538387&hash=item3ff3de48fc:g:p-QAAOSwuPJfYDGB
"MSI Optix G27C4 Optix 27"" Curved Full HD LCD Gaming Monitor", Open Box,,$135.00$180.00,,https://www.ebay.com/itm/MSI-Optix-G27C4-Optix-27-Curved-Full-HD-LCD-Gaming-Monitor/133670917961?hash=item1f1f685749:g:HWkAAOSw33Feidrj
"Dell Alienware 34"" Curved Gaming Monitor - AW3420DW - Refurbished", Refurbished,5.0 out of 5 stars.,$525.00,,https://www.ebay.com/itm/Dell-Alienware-34-Curved-Gaming-Monitor-AW3420DW-Refurbished/265061180211?epid=12035367621&hash=item3db6e0a333:g:m-AAAOSwBTpgMUDx
LG 34UC88 34 inch 21:9 UltraWide QHD IPS Curved LED Monitor - Matt Black, Pre-Owned,5.0 out of 5 stars.,$250.00$340.00,,https://www.ebay.com/itm/LG-34UC88-34-inch-21-9-UltraWide-QHD-IPS-Curved-LED-Monitor-Matt-Black/193906002930?epid=7032170219&hash=item2d25b2cbf2:g:r7AAAOSwFk1gMWUW
"Samsung 24"" Curved FHD Monitor LC24F390FHNXZA C24F390 *NO STAND * VERTICAL LINE", Pre-Owned,4.5 out of 5 stars.,$66.74,$75.84,https://www.ebay.com/itm/Samsung-24-Curved-FHD-Monitor-LC24F390FHNXZA-C24F390-NO-STAND-VERTICAL-LINE/184452168312?epid=28026727205&hash=item2af234ba78:g:5-QAAOSwp2xen4ic
Dell U3419W 34 inch Ultra Sharp 21:9 Curved LED IPS Monitor, Pre-Owned,5.0 out of 5 stars.,$500.00,,https://www.ebay.com/itm/Dell-U3419W-34-inch-Ultra-Sharp-21-9-Curved-LED-IPS-Monitor/393130633851?epid=9031281405&hash=item5b88696a7b:g:tvAAAOSwRHxgJr6k
"Samsung 24"" 16:9 Widescreen LED Curved FHD FreeSync Gaming Monitor - Black", Open Box,,$126.29,,https://www.ebay.com/itm/Samsung-24-16-9-Widescreen-LED-Curved-FHD-FreeSync-Gaming-Monitor-Black/353394826942?hash=item5247f91ebe:g:eWcAAOSwwlVgMiIm
"Samsung s27d590cs 1920x1080 27"" 3000:1 LED LCD Curved Monitor", Pre-Owned,,$23.50,,https://www.ebay.com/itm/Samsung-s27d590cs-1920x1080-27-3000-1-LED-LCD-Curved-Monitor/353390568702?hash=item5247b824fe:g:HPYAAOSwIwRgLONy
"LG UltraGear 38GL950G-B 38"" 21:9 Curved WQHD+ Nano IPS 1ms 144Hz Gaming Monitor", Open Box,,"$1,350.00",,https://www.ebay.com/itm/LG-UltraGear-38GL950G-B-38-21-9-Curved-WQHD-Nano-IPS-1ms-144Hz-Gaming-Monitor/124579968443?epid=19036455411&hash=item1d018b75bb:g:T-oAAOSwlYtgIvMm
"Dell Alienware AW3418DW 34"" 21:9 Curved IPS LCD Gaming Monitor *Scratches*", Pre-Owned,5.0 out of 5 stars.,$539.89,,https://www.ebay.com/itm/Dell-Alienware-AW3418DW-34-21-9-Curved-IPS-LCD-Gaming-Monitor-Scratches/184672185925?epid=242723644&hash=item2aff51ee45:g:Q7cAAOSwEm1gMCy3
Dell U3818DW UltraSharp 38 Curved Monitor, Brand New,5.0 out of 5 stars.,$710.00,,https://www.ebay.com/itm/Dell-U3818DW-UltraSharp-38-Curved-Monitor/184673711266?epid=10030521977&hash=item2aff6934a2:g:AFIAAOSw7AxgMZ3l
"MSI Optix MAG240CR 24"" FHD 1920x1080 1ms 144Hz AMDFreeSync Curved Gaming Monitor", Refurbished,5.0 out of 5 stars.,$189.98,,https://www.ebay.com/itm/MSI-Optix-MAG240CR-24-FHD-1920x1080-1ms-144Hz-AMDFreeSync-Curved-Gaming-Monitor/224354552317?epid=4039017759&hash=item343c92c9fd:g:n2EAAOSw8-VgLAZ5
LG 34GL750-B 34 inch 21: 9 Ultragear Curved Wfhd (2560 X 1080) IPS 144Hz G-SYNC, Brand New,5.0 out of 5 stars.,$440.00,,https://www.ebay.com/itm/LG-34GL750-B-34-inch-21-9-Ultragear-Curved-Wfhd-2560-X-1080-IPS-144Hz-G-SYNC/124573010305?epid=27037381678&_trkparms=ispr%3D1&hash=item1d01214981:g:iHwAAOSwjxRgJ2AS&amdata=enc%3AAQAFAAACcBaobrjLl8XobRIiIML1V4Imu%252Fn%252BzU5L90Z278x5ickkp2NA0WuhQytmt4dbStg00CaLipt4ECbcK2S8umnjish59mxFrqCWneLVVxxravjnwYtJqai85SWOPOTVs42in1KhXqRpccmYmb%252BdlCBJxmeOv4cKt4ea3MpkbZ3dbLOhsE9C5ZVeXfrfkh6dxDUdusxxmxlrx%252BT3qd4LnfuITmO9CqZ8hObzE8s0tLpcPGzuyW2qVU6kdYms6Y7qj8%252FHnmpN0b8Ams2m9%252BZ4brabjDZQpBOGVtQbpCEY1MvVOTVcdohjXAKpmVRZ5FFg1Vc0Jc3mEMxlU792vZ%252FecekLQxzx1UYOGMhlxKqmCiKobkyC41lfVVg4eNzeK5O%252BTHr2eTakSOm4pl32NRDAO%252BJrv5OEEp4pjG63goPIlGXjAAeaJRaQ8IhfT%252FpqToUqpkV66QYcl24%252Bg5z1xeVZTcB6IHweWSlR2EDXvkAsZsWg09wGq8rD6bTcZxvi%252B9zO3TXmTVdz3sSXl%252FjG92V1TRGUOxIhjbpKc8VBzltercgM0QCvdO8gHSEB0W8XHp4PGShPfn6gPtW%252BPXxOEvh8gY7CuSNYA%252FSeQLTpVkU3v%252FSh2sEMNOEPc7aHxI1f0HBG90%252BNje2JlTdcyrr1GEJChS0ERuKoPP%252BLwRzaHZusWvOHwi36vvhM7FA%252F0q4nWYTTbNKeSEuolXyz5eM%252FbWKXW30NcxHQSG9nBh5gQ9u4vmR2dQ%252F6oTaHAHb0NOzUr%252BoOdlO4y1KZP0gOYtXB8lKX3%252FvzGqLDvQBc4MM5ZVY%252BihPKsrnNaoX9OMCicEBZevTax%252BvNbA%253D%253D%7Ccksum%3A124573010305836e280cc4d54c4dbd6258d598d5fac9%7Campid%3APL_CLK%7Cclp%3A2334524
SAMSUNG 32-Inch G5 Odyssey Curved Gaming Monitor 1000R PC1052965, Pre-Owned,5.0 out of 5 stars.,$315.00,$350.00,https://www.ebay.com/itm/SAMSUNG-32-Inch-G5-Odyssey-Curved-Gaming-Monitor-1000R-PC1052965/154329276768?epid=12041982995&_trkparms=ispr%3D1&hash=item23eebde160:g:RTsAAOSwIwlgJucB&amdata=enc%3AAQAFAAACcBaobrjLl8XobRIiIML1V4Imu%252Fn%252BzU5L90Z278x5ickkxGz2ccqatkEnoeekHqhLkfF2x8n3WWtjFujecyMJ1g5UAH7ujzOwM3I3bKuzVqUbynu7W8LM55e3mDCnxOQQuEArXNA0pkmnYHf7E6NMMYtHT2qGjQhwzjRqX51gjqwP2ny%252FviVZwkeUZB8tmS63fNBj%252Fo%252BrJN34GRZ8B%252BPhQtEw8N1mW2YzCMH8SjNL99b6S43rEyJqgCyJ9Pt89i9TQnSbJe2Uc3gKC%252BrOD8UugyZSFos%252Bz8hiOR73io%252FXkChY%252BYy%252BsKoZXGZm5ujxjz9HoMSyhwyDqHdKYvSr%252B4rYvHXQs6ZGkVo%252BaDX6VS8G7SjEkv1bZp6WPoj3CpQUiPkeU4b1G9znEuJgUN4IXBND7GZBnbvcWLvOpfPsPEHuPti8kfTUNexzcdI59fC8uDb%252BI3%252Fln0WPmNY7RmW55ZbvrkPCgoulp%252FgxhZ1RRrE%252BGJIU4aKzsWJpWII1uV2cKkQc6%252FJWGJ6B3B5lVKgMtksOPVc7QncwU9j7ljtLMdD8qXQsl1W9ZWiU04eHwY3DeDO4UU9y0hN8xEsnM7DSDA7GN2uTpPHvWMJphxQbJHgn7vAx%252FZsxfw4HwkcsPAxoQzaiMGMNe6sxYl5Hnzn7HD12HrAq2YtSHUIER9QcTXtCfQHs9Cebbun3%252BW359utvQ3uWN2xQUGsqBJvXdeBdYI%252Fu3zGz5CoRVFCW%252Fd2p2%252B5KMkOA6vbmiTa7UENysZRSINC7gorMWRxLqGl3k%252Fm1qCUpCxxutoOpW82F7oZuccx4HxraGvpiwPYqHpWdIJ1lX5dy4w%253D%253D%7Ccksum%3A154329276768836e280cc4d54c4dbd6258d598d5fac9%7Campid%3APL_CLK%7Cclp%3A2334524
"Samsung 390 Series C24F390 24"" 16:9 Curved FreeSync LCD Monitor - LC24F390FHNXZA", Brand New,4.5 out of 5 stars.,$139.99,,https://www.ebay.com/itm/Samsung-390-Series-C24F390-24-16-9-Curved-FreeSync-LCD-Monitor-LC24F390FHNXZA/284091418816?epid=28026727205&hash=item42252b08c0:g:OU4AAOSw6zRgAh7e
"GIGABYTE G27QC 27"" 165Hz 1440P Curved Gaming Monitor FreeSync Premium Black", Open Box,5.0 out of 5 stars.,$279.99,,https://www.ebay.com/itm/GIGABYTE-G27QC-27-165Hz-1440P-Curved-Gaming-Monitor-FreeSync-Premium-Black/224350318466?epid=10040241728&hash=item343c522f82:g:LS0AAOSwtmVgJyh2
"AOC C32G2 32"" Curved Frameless Gaming Monitor FHD, 1500R Curved VA, 1ms, 165Hz", Brand New,,$310.00,,https://www.ebay.com/itm/AOC-C32G2-32-Curved-Frameless-Gaming-Monitor-FHD-1500R-Curved-VA-1ms-165Hz/114689088295?epid=15044300866&hash=item1ab4009b27:g:r0YAAOSwkG1gLJbq
"Acer Nitro 24"" 1920×1080 Curved Widescreen LED Monitor HDMI - XZ242Q - Warranty", Open Box,5.0 out of 5 stars.,$142.45,$149.95,https://www.ebay.com/itm/Acer-Nitro-24-1920-1080-Curved-Widescreen-LED-Monitor-HDMI-XZ242Q-Warranty/224356761621?epid=22043040041&hash=item343cb48015:g:IacAAOSwGm1gLqpo
Samsung CF390 Series 24 inch Curved LED Monitor, Open Box,4.5 out of 5 stars.,$120.00,,https://www.ebay.com/itm/Samsung-CF390-Series-24-inch-Curved-LED-Monitor/383963683766?epid=28026727205&hash=item596604dbb6:g:nncAAOSwJgRfGAPS
"RockSoul 27"" HD Curved Gaming Monitor (RSGM-27F1A)", Open Box,,$179.97,,https://www.ebay.com/itm/RockSoul-27-HD-Curved-Gaming-Monitor-RSGM-27F1A/324474343941?hash=item4b8c2d9205:g:EH8AAOSwMTdgKro0
"Acer ED273 wmidx 27"" Full HD Curved Monitor with Freesync (2-Pack)","Acer, Brand New, USA Warranty Brand New",5.0 out of 5 stars.,$375.00,$498.00,https://www.ebay.com/itm/Acer-ED273-wmidx-27-Full-HD-Curved-Monitor-with-Freesync-2-Pack/324411881343?epid=9023264080&hash=item4b8874777f:g:YToAAOSwpE5f0dzs
"Dell 32"" LED QHD Curved Monitor HDR (S3220DGF) Damaged Case", Pre-Owned,,$205.99,,https://www.ebay.com/itm/Dell-32-LED-QHD-Curved-Monitor-HDR-S3220DGF-Damaged-Case/233882141251?hash=item3674764243:g:JF0AAOSwRg5gGcp7
samsung 1080p curved gaming monitor CF396, Pre-Owned,,$175.00,,https://www.ebay.com/itm/samsung-1080p-curved-gaming-monitor-CF396/274688830307?hash=item3ff4baeb63:g:hicAAOSwATZgL0uB
Samsung LC24F392 24 inch 1080p Curved LED Monitor, Pre-Owned,5.0 out of 5 stars.,$90.00,,https://www.ebay.com/itm/Samsung-LC24F392-24-inch-1080p-Curved-LED-Monitor/353377135969?epid=24032319110&hash=item5246eb2d61:g:Dq8AAOSwbwZe8ZFo
"Samsung CRG5 27"" 16:9 Curved Gaming Monitor - Dark Blue Gray", Open Box,,$300.00,,https://www.ebay.com/itm/Samsung-CRG5-27-16-9-Curved-Gaming-Monitor-Dark-Blue-Gray/265056286422?hash=item3db695f6d6:g:UXwAAOSw3nNeTlF2
"Samsung LC24F390FHNXZA-RB 24"" CF390 Curved LED Monitor - Certified Refurbished", Pre-Owned,5.0 out of 5 stars.,$169.99,$249.99,https://www.ebay.com/itm/Samsung-LC24F390FHNXZA-RB-24-CF390-Curved-LED-Monitor-Certified-Refurbished/133457822807?epid=22032298220&hash=item1f12b4c457:g:7i8AAOSwippgB1LE
"LG 38WN95C 38"" Curved Monitor 21:9 UltraWide QHD+ (3840 x 1600) ", Open Box,,"$1,000.00",,https://www.ebay.com/itm/LG-38WN95C-38-Curved-Monitor-21-9-UltraWide-QHD-3840-x-1600/154339258547?hash=item23ef5630b3:g:6eoAAOSwnXJgMcBO
"Samsung 24"" Full HD  FreeSync Curved LED Monitor | VGA + HDMI Inputs",Brand New. Retail Packaging. Brand New,4.5 out of 5 stars.,$169.00,,https://www.ebay.com/itm/Samsung-24-Full-HD-FreeSync-Curved-LED-Monitor-VGA-HDMI-Inputs/164535063779?epid=28026727205&hash=item264f0dd4e3:g:pusAAOSwc1FfvX2g
"AOC CQ27G2 27"" Super Curved Frameless Gaming Monitor QHD - BRAND NEW", Brand New,,$329.99,,https://www.ebay.com/itm/AOC-CQ27G2-27-Super-Curved-Frameless-Gaming-Monitor-QHD-BRAND-NEW/274685141338?epid=21040292695&hash=item3ff482a15a:g:wfIAAOSwELBgKvaE
"Samsung LC24F390FHLXZP 23.5"" FHD Curved FreeSync Monitor - Black PC1052652",USED SEE PICS AND DESCRIPTION Pre-Owned,,$121.50,$135.00,https://www.ebay.com/itm/Samsung-LC24F390FHLXZP-23-5-FHD-Curved-FreeSync-Monitor-Black-PC1052652/143933017792?epid=7026619884&_trkparms=ispr%3D1&hash=item2183138ec0:g:aLEAAOSwN3BgFJE~&amdata=enc%3AAQAFAAACcBaobrjLl8XobRIiIML1V4Imu%252Fn%252BzU5L90Z278x5ickk7d4nremBkvNKtcC0ZwqXDGaC6x5IkOL7swisJOcxF3%252FGNY3UBTzWSpxbpVrPHf5%252FlFp4viVBHqEin%252BLjR%252BaKzXrggzfBCJJ4vfc80i2lVdCsd8ZLmfJhqMa9vUO07zQO6FFGHwF742uVw6HI2VJzbgobMvQg0lz1VOdWu130OzOFdfjXZ7IcI4Vm8Fq7r5IaWiIyYmyExT48hfHpVd5pSt2nbhW6nVM9fdwJupNLYm4qrkO87JZ2dNz49kK4lKV2iJgl8DzTLxyGylZQd9KOozrMlwu7QeOpmJH0%252BJuQmbWY%252Ff5PGP86cwraTW12C%252FAunQ1kLVHeCrcH%252FNvu7rGuM32OhXjthKGReWzgeWVBM1Z5DIpgxX1hg7T76sv0V8OaemZx2QLPRK7MDdMCIlCrTzlYdkWTme101UOTIoMFeNEIKvstWdWaEsm%252FIXm2tDiotMG4%252FrMlR2OcPdemsWXPeXfxFylC56Do37dGuux0jm6BAMHgQ3pRJ7l60MWHvwAY%252FSEsssS9g%252BmGTWYsODXfhWLC2r3vrzHg4qZ%252Bt6mfehS4U3Kb2AhNPlH1rYepSkY%252F2nUOwbB5DLJxn%252FBjF7uhKWN1Dr60BCpgUBYyZ1gQb35xOD%252BlFnsagtRWn28qNQA4iG9h8grT2fQrnEDKQ273M1EpLrD0Gbpa8PUa0teD%252F6xTRBoHvTaI0DdHIDH4104LTHg64u%252BHUfykIvGomZRBPAiudq4iVNaUB79sMQ%252F1mxE4HsB6w2X0reR8F41EKvLTxcI01sifd3ALK2MOcg2CsA%253D%253D%7Ccksum%3A143933017792836e280cc4d54c4dbd6258d598d5fac9%7Campid%3APL_CLK%7Cclp%3A2334524
"RAEANTECH CF2476K Curved Monitor 24"" 16:9 1920x1080 CF2476K ", Brand New,,$197.98,,https://www.ebay.com/itm/RAEANTECH-CF2476K-Curved-Monitor-24-16-9-1920x1080-CF2476K/223705185237?_trkparms=ispr%3D1&hash=item3415de3bd5:g:WKIAAOSwmENdpCVE&amdata=enc%3AAQAFAAACcBaobrjLl8XobRIiIML1V4Imu%252Fn%252BzU5L90Z278x5ickkgCVySCgrNFPU8Iu85TabMEBNKNsXk8mPmbR0dBueEYnklk8qcvvSq4vNWinnm3VE0BisonIQM1i2zOfySXBfCoR6%252FTu0zC8UWVH4KrRxTBakTsI8fbgEGK6klIhYdc5xY%252Bp0N2nyygIN%252Bxr2ZkDMOpIkfi0kqvuqb9Psn2yedTjAhjlsRT7keo5NKgNgsxGlbx6G3QYvTYsoP7m57PXhXwsbWelzDM65RQLbXGT%252BuPgu8JFxY4jNrS2VcB0GfLK%252F%252FwpJQVDeZilJIH19n9CUfYNisgT%252F4L8E7Ut8IW4Z0AVTmNyY95xz6rDzneukLWwpF%252Bf8bDaXkfN7Y5OFqJJ6SiUpYdQ%252FDncP7vX8k6smDx3TTEM4G5tN04wRLtgttKziOxd%252BVFW7dNrbYJK1S7CbrY1jJdP1bHgYYFnbWh2%252BKxOhKCy25YUrUrb98MOFGeFyGKepx6%252BktkzjYLxv7I10V2eQn%252BEpsjYak16g21gUqHKmA91MKJ9jGrK5RtVHi8cAkiDwB0zTYBNXNctnMNGplOwhU9lJJigePCr9sAONh8qrE7CuMpm%252BELi1L1sd9V2VoNrKVmKmUwRUYWtmn0WfJrtqfeBj1F9nC%252BlIiqgNrRRgTgqPQ0GLCDpy83WGgjls08uKyRRgqo0cR44mSg72dDi%252FmdXolv4A8Stn2ptwqYMlEqBwajyNngUP4OFW4DJR5H0B2uT5f1FF35w8cQne6C5ApBfPMqxPhKDk2VubRKQBewBKlI3Xyee5vFJklMRtO6Qicmlx0qYjJht50UGL7w%253D%253D%7Ccksum%3A223705185237836e280cc4d54c4dbd6258d598d5fac9%7Campid%3APL_CLK%7Cclp%3A2334524
"Samsung 32"" Curved 1920x1080 HDMI 60hz 4ms FHD LCD Monitor (Speakers Included)", Brand New,,$299.99,,https://www.ebay.com/itm/Samsung-32-Curved-1920x1080-HDMI-60hz-4ms-FHD-LCD-Monitor-Speakers-Included/313425590494?hash=item48f99ef8de:g:tMIAAOSwrJJgMCDK
Samsung Odyssey CHG90 Curved Gaming Monitor144 Hz - New Open Box, Brand New,4.5 out of 5 stars.,$951.99,,https://www.ebay.com/itm/Samsung-Odyssey-CHG90-Curved-Gaming-Monitor144-Hz-New-Open-Box/265058767698?epid=238258751&hash=item3db6bbd352:g:8eYAAOSw1EFgLqm-
"MSI Optix G241VC 24"" FHD 1920x1080 75Hz FreeSync 1800R Curved Gaming Monitor", Brand New,5.0 out of 5 stars.,,$159.99,https://www.ebay.com/itm/MSI-Optix-G241VC-24-FHD-1920x1080-75Hz-FreeSync-1800R-Curved-Gaming-Monitor/203281878914?epid=20033965960&hash=item2f548b4f82:g:WEYAAOSwL0pgL66d
"Samsung Odyssey C24RG50 24"" 1920 x 1080 Curved Full HD Monitor CRG50", Open Box,5.0 out of 5 stars.,$150.00,,https://www.ebay.com/itm/Samsung-Odyssey-C24RG50-24-1920-x-1080-Curved-Full-HD-Monitor-CRG50/383921196798?epid=22032298220&hash=item59637c8efe:g:T~kAAOSwEz1gEMs9
Samsung 32in 1080p Curved Monitor White with cheap speakers, Pre-Owned,5.0 out of 5 stars.,$175.00,,https://www.ebay.com/itm/Samsung-32in-1080p-Curved-Monitor-White-with-cheap-speakers/265006691778?epid=10030522447&hash=item3db3a135c2:g:~JQAAOSwJblf-L9X
"Samsung LU32R590CWNXZA Samsung UR59C 32"" 16:9 4K Curved LCD Monitor", Pre-Owned,3.5 out of 5 stars.,$319.99,,https://www.ebay.com/itm/Samsung-LU32R590CWNXZA-Samsung-UR59C-32-16-9-4K-Curved-LCD-Monitor/402700725640?epid=8033849704&hash=item5dc2d56d88:g:xZgAAOSwOsZgMBqb
"Dell - S2721HGF 27"" Gaming - LED Curved FHD FreeSync and G-SYNC Compatible- New", Brand New,,$229.99,,https://www.ebay.com/itm/Dell-S2721HGF-27-Gaming-LED-Curved-FHD-FreeSync-and-G-SYNC-Compatible-New/193904299703?hash=item2d2598ceb7:g:ZRoAAOSwp4ZgMHXF
"Samsung 27"" CFG73 Curved 144 Hz 1ms HD Gaming Monitor **Cracked Screen**", Refurbished,,$25.99,,https://www.ebay.com/itm/Samsung-27-CFG73-Curved-144-Hz-1ms-HD-Gaming-Monitor-Cracked-Screen/184668919908?hash=item2aff201864:g:JlAAAOSwCl5gLWTb
Viotek NB24C 24 inch LED Curved Monitor with Speakers, Pre-Owned,4.0 out of 5 stars.,$130.00,,https://www.ebay.com/itm/Viotek-NB24C-24-inch-LED-Curved-Monitor-with-Speakers/224338889851?epid=14031747905&hash=item343ba3cc7b:g:~QYAAOSwcOBgG0a5
"LG 34WN80C-B 34"" 21:9 Curved UltraWide WQHD IPS Monitor W/USB Type-C NEW SEALED", Brand New,5.0 out of 5 stars.,$519.99,,https://www.ebay.com/itm/LG-34WN80C-B-34-21-9-Curved-UltraWide-WQHD-IPS-Monitor-W-USB-Type-C-NEW-SEALED/224358424111?epid=11036085402&hash=item343ccdde2f:g:Sr0AAOSwu51gME1f
"ASUS TUF 27"" Curved Gaming Monitor FHD LED 165Hz 1ms AMD FreeSync™ VG27VH1BR", Brand New,,$265.00,,https://www.ebay.com/itm/ASUS-TUF-27-Curved-Gaming-Monitor-FHD-LED-165Hz-1ms-AMD-FreeSync-VG27VH1BR/114654066367?epid=15043728333&hash=item1ab1ea36bf:g:-EEAAOSwfR5gBInl
"GIGABYTE G34WQC 34"" 144Hz Curved Gaming Monitor, 3440 x 1440 VA 1500R Display, 1","Shop With Confidence, Buy From Newegg Refurbished",5.0 out of 5 stars.,$379.99,,https://www.ebay.com/itm/GIGABYTE-G34WQC-34-144Hz-Curved-Gaming-Monitor-3440-x-1440-VA-1500R-Display-1/294023910534?epid=3041574189&hash=item447530d486:g:ONMAAOSw~xRgMPCr
"BenQ EX3203R 31.5"" QHD 2560 x 1440 (2K) 4ms (GTG) 144Hz Curved Gaming Monitor", Refurbished,,$358.00,,https://www.ebay.com/itm/BenQ-EX3203R-31-5-QHD-2560-x-1440-2K-4ms-GTG-144Hz-Curved-Gaming-Monitor/203284021941?hash=item2f54ac02b5:g:LBsAAOSwrF1fdR4m
"Acer 27"" FHD 144Hz 4ms GTG Curved LED FreeSync Gaming Monitor (ED273 Abidpx) DY", Pre-Owned,,$121.50,,https://www.ebay.com/itm/Acer-27-FHD-144Hz-4ms-GTG-Curved-LED-FreeSync-Gaming-Monitor-ED273-Abidpx-DY/402702420948?hash=item5dc2ef4bd4:g:Lb4AAOSwdttgMSW3
"LG 34"" Gaming Monitor UltraWide QHD Curved LED FreeSync Monitor (34GK950F-B)",Authorized LG Dealer with USA Warranty! Brand New,5.0 out of 5 stars.,,"$1,199.99",https://www.ebay.com/itm/LG-34-Gaming-Monitor-UltraWide-QHD-Curved-LED-FreeSync-Monitor-34GK950F-B/312366703423?epid=22023403780&_trkparms=ispr%3D1&hash=item48ba81a33f:g:arMAAOSwmT1cDqZM&amdata=enc%3AAQAFAAACcBaobrjLl8XobRIiIML1V4Imu%252Fn%252BzU5L90Z278x5ickkRjLZq23gAR%252BKma9gM2Z1hvNwVQphhCMOYJl6LDCIttBTn1rle0EDkqbW8qsrScwEnkqy%252FpWSnBvGGM38SY1YJn%252BKg%252FnB7l4t2r0QZpmnj2LOA7211FZ8fgBHbluYJSNwbOFi%252FVBQn1TXTbHzwqYICMm0HsAol4YgQEEnN1yaZCemqBmgWl7ZEcMiTWv9a%252FNd5AbuPToC%252F3G7cZS4%252B%252BCaJ3X1N2ecDi5ZffncchiJTespr4dG0ZVltdXQwbhIdDXWJAt33F3ZaHLdYtUDMu%252BMC1%252FmNeqnVBkBaMTnV1SH40UzIDpplS%252B%252B1J49CjMdNJWsJiC4M4eyrDTHeMwzgsVJcqo6vi23KT8YTm1lvhDUC2KNQBZfqEFQG3uFLV%252BzT5F59dMJdUhDK3itIEDrrsZzd9mFrW6tobkdOzY3%252Bi48hKxJRctK1VMgfCtGrzu3VwqaFFHZ1omB3xBQF0ubJ1FUEjRkXYdhMfNzTLAH2tqCOAYakHoVX54MDRvfggO3HCMMU%252BrDcoyElBepuqfjkGMeqxrTkoNa4A80%252ByOWKX6Ld8Z5oSo2lk9JpWn9dAKcsEcnombx3X%252BgWOhJaS4J%252Bi8eKm5YPNUzSFDtdQ1T3y8qucy9PxcMRjUb7nam6u7hTZLzJ0Q8kJN5bCxawtU6B%252FFJaMpkEitP3%252BOqmfJn6kecR1%252FAA19Dn2ydwJ1BL3JognJn1pgIs6Vp7NXNAyLfHpcpJuSH8P%252FroCika%252FKHpxc%252BkG2F1sgjgkHhklW2iPg%252Fj%252BAlWpblyYFmzcPatSbucr4wTg%253D%253D%7Ccksum%3A3123667034236f15c950533d4867b7edcdae5dba4d47%7Campid%3APL_CLK%7Cclp%3A2334524
"GIGABYTE G27FC 27"" 165Hz 1080P Curved Gaming Monitor, 1920 x 1080 VA 1500R Displ","Shop With Confidence, Buy From Newegg Brand New",5.0 out of 5 stars.,$209.99,$249.99,https://www.ebay.com/itm/GIGABYTE-G27FC-27-165Hz-1080P-Curved-Gaming-Monitor-1920-x-1080-VA-1500R-Displ/303605577950?epid=20040223491&_trkparms=ispr%3D1&hash=item46b04d78de:g:rvwAAOSwVH1fYJau&amdata=enc%3AAQAFAAACcBaobrjLl8XobRIiIML1V4Imu%252Fn%252BzU5L90Z278x5ickkpFtSR0CGv%252Bh98r8Yb9quS%252F9z9SQhDSHnCFcamRCYhtN2E5IWXfB30szXKrNKRGsT5T%252FDW6T5%252FGJVM0b708GTAtl12UvH%252B79xruKtPiQS76heBy0VJfAH8Z%252FFDO64K9delQez%252FLEUUtujy1zTfZsIcMt0SK%252BKyVp0b4O9vR%252BlbFjkyfxkd3dRAhIm4rB%252BG6xJeRSOaFurJi65N1da2V0pujFiNV7LnIYLtQhx4hhUmwwMvxbNe1%252B6GzYAST1wCgvXwCyue7BPN8T0MulXQKhUUFh31wo05mi1KeMuEC7qIaKOrx6DMwLiasqYJcW2GxsY3asyJbyxdBy4zssklryd%252Bbj5n3KAf9OK8y1RRGb69ZTdBsGo9qiNLTcBBLsmszz5C0Dy0MQTAxhPugvvqi1Y0sSMJmqrrAmuGj%252BS3JlsSw%252BYvVnF0b8mTuiGB5rcxzz5GngtAFzot2XTRB5Qk5lLbp%252FjGK9CuiciRr7IXJ9MR%252BbNL%252F4415lxA9%252Bpo4XhsXgnBp%252FRmNidNFihRnX8jB1VzOwruCpzL4Oh5BmW0tNiYUSMXxUYDmuSGHr9YlgKd0vNwIn6Ivci9tz%252FZS9MZEduSEo8V938QEIARI41BQHinDYRHLmAqC%252FNiy51DG5fAbDzra7rmzFSFdshar7PmbGvjKLq6xQayIUOqmJwVIZXQpdIUP66dX00yWLveFEGBCyo6nUjRnu5fvqnkgarcPRch301I0qV5LcWR7PE8nrC%252BBKqG6dB8nWAHkFmfIVGqXEEkYMureMKaaCaB%252F0ooGEbTA%253D%253D%7Ccksum%3A3036055779506f15c950533d4867b7edcdae5dba4d47%7Campid%3APL_CLK%7Cclp%3A2334524
LG 38 Inch 21:9 Curved WQHD+ UltraWide Monitor with HDR 10 (38WK95C-W),Authorized LG Dealer with USA Warranty! Brand New,5.0 out of 5 stars.,"$1,049.99","$1,499.99",https://www.ebay.com/itm/LG-38-Inch-21-9-Curved-WQHD-UltraWide-Monitor-with-HDR-10-38WK95C-W/333817365475?epid=13034761516&_trkparms=ispr%3D1&hash=item4db910c3e3:g:GKkAAOSwxF5fzq0M&amdata=enc%3AAQAFAAACcBaobrjLl8XobRIiIML1V4Imu%252Fn%252BzU5L90Z278x5ickkCrLl8erj3ATP5raQxjc%252F%252B9QLfnNlnNbJrYwbuc3oolp72uGBbGoQ1LqnVpEP3NR9888L0rsJnGiQ9Ivx6c%252FQZJhyqONoouoDlyrw8uni%252BgJQXtvGYoh54R2hOy%252BYEGVjVM4l%252BWH3Xfyns4DmyRH%252B6k%252BZjfz%252FbGBbAl7bDFsEohIfkEkWgk8f7MUQHfA%252BsthufXgSdneJy%252F507XpWLn8tLeIxvJAV1xoLAsoXXO8PvTiVA9%252B%252B%252Bat%252BeR2H%252BntulTMi%252BJYo3dSwtn%252Fdgk21B6wq4B49Oq0sk1S3OpEr30Uo3eZ5wZYet%252FGltLixaohMkHWJzc9ubJ2j4P4ctXjI3PmMF%252BatCoCgCkGjefuNJNuX%252F32pu93ZvKd0t8q%252Fzk4N7%252FZFgqIgkHys3pkvRVNr3Ouazav0CrHuwi%252BgsM%252FC5kkdhwqsCbpABJ0eUpvyAb8%252FdIDcHr1QQ%252Fh2gVVRSjU87LXTF1Db7YUvck6KOx1bfoIfG6nnLxtKSI%252F82w%252B9c6Ax7eBp23Uc6L3aNZByaUck6aYbdvy5nOsUWcYOPxr1mhX%252Fo78nDN8IMQq41FFoNhvQJP%252FsrPFKj6lpNiktfyuUbn4Pig17aJO5zWcofWDREtxsZfckERSBslLqKwGTUk27evj6J05o0v0HFrSNjabpLzv6EG7E8Dh2wEyw1Gxugv8csyYIuhjQUYy4pGUYEII36L07%252Fht3HNi%252FGyoDyxulHtOmF6ZAgHk1Lq24wRfHggIepcf70lQRgYNjKIuyhDE1cnPANXwQJb%252B%252F1yNcMqInuVMKcQ%253D%253D%7Ccksum%3A3338173654756f15c950533d4867b7edcdae5dba4d47%7Campid%3APL_CLK%7Cclp%3A2334524
"Deco Gear 32"" Curved Gaming Monitor 1920x1080 3000:1 Contrast Ratio, 75 Hz, 2PK",FREE 2 DAY SHIPPING | 30 DAY RETURNS | 1 YEAR WARRANTY Brand New,,$474.98,,https://www.ebay.com/itm/Deco-Gear-32-Curved-Gaming-Monitor-1920x1080-3000-1-Contrast-Ratio-75-Hz-2PK/324417499079?epid=25042761549&_trkparms=ispr%3D1&hash=item4b88ca2fc7:g:B68AAOSwW0Bf15oe&amdata=enc%3AAQAFAAACcBaobrjLl8XobRIiIML1V4Imu%252Fn%252BzU5L90Z278x5ickk5v8gVt3hEWLVg%252F253w6XCZQMArvaJbzFn8TncNGHJsP6FMpW6s9jTBaTSGHsVvc91%252F%252FZvMrd%252BsiX844Y6FtYt4uGrB7%252FoNcBOcU5Z%252F2afYC7fm%252F9VMbKZbFPo%252Fxy7YhJDeplw8aRdMZofSYxdfi1C7X7J8zMubo9ZCmUnxgz5qeGAsV%252BHvfFFlg0wbdYBcEV3deC3rdtImaib3l%252Bo8J3KUtwmBeho4A0hxEY6RqkfUbeyty24lwvpt12ss4QY7e28SPE2LmKvo%252BrRLPyqciGT7ldGBlmT%252FZRRjA8byTrii16uN9nKYvsNzdmCXY9SE%252F5OlcZIRzZCP1QVWMpSc5AnX1mA%252FJqcJL61tUZbTcnsK4XEKr8vyhyI79DiNPwSzDJcn8ZHV8U8S%252Fa3H3Mqo5ujBgt0XuIlNnzLNC3qrkpPgXLRrXBbNE7UjR0A5LCmr8FMmyZzlQrVzct9%252B6mSM2b14GEpvNUi8Vd%252F7Vam6Fmph8RmA26oid8E%252BXdNMu43mMecGNh048Jq%252FpvSAPn3Mpz9u74bjEx27Q5aZfu7c4YqHBTlLI1v8s6TOibsfuopNz3pGWTeChCewFWW2kT4%252BcBcabP6JIxNtyALxtFMrGCJtOw3WVAkxvrtF%252Bstj57FoW2oNfuymOuvqdPGekPQCPSErF%252BePIErK93QEuedt3XSsY0a0vBKQgaQWkL28IavcqE%252BEinNMXLbhkQZBpvTcST18a%252B2D5ZXw7go90955%252FKEsWWy8fZVOczFQCTbUIn7y%252B34kPRcMAvlEU%252BdIpU%252FrDSXw%253D%253D%7Ccksum%3A3244174990796f15c950533d4867b7edcdae5dba4d47%7Campid%3APL_CLK%7Cclp%3A2334524
"NEW Samsung 27"" FHD Freesync Curved LED Super Slim 1800R Immersive Black 1080p", Open Box,4.5 out of 5 stars.,$155.00,,https://www.ebay.com/itm/NEW-Samsung-27-FHD-Freesync-Curved-LED-Super-Slim-1800R-Immersive-Black-1080p/164714471247?epid=224719905&hash=item2659bf5f4f:g:de4AAOSw2XJgMT7t
"Acer 31.5"" FHD 165Hz 1ms GTG Curved VA LED FreeSync Gaming Monitor (ED320QR) DY", Open Box,,$81.00,,https://www.ebay.com/itm/Acer-31-5-FHD-165Hz-1ms-GTG-Curved-VA-LED-FreeSync-Gaming-Monitor-ED320QR-DY/402701208288?hash=item5dc2dccae0:g:sXcAAOSwdg1gMFy1
"Samsung G97T Series Odyssey G9 49"" QHD 240Hz Curved Gaming Monitor 1440p", Open Box,5.0 out of 5 stars.,$830.00,,https://www.ebay.com/itm/Samsung-G97T-Series-Odyssey-G9-49-QHD-240Hz-Curved-Gaming-Monitor-1440p/383963707318?epid=2313258397&hash=item59660537b6:g:bf8AAOSw-F5gLqei
"LG 38WN75C-B 38"" IPS LED Curved Monitor", Pre-Owned,,$249.99,,https://www.ebay.com/itm/LG-38WN75C-B-38-IPS-LED-Curved-Monitor/254869276318?hash=item3b5764869e:g:JNkAAOSw-i1gKwWS
"Pixio PXC243 24"" Full HD 1920 x 1080 144Hz 3ms DVI HDMI DisplayPort AMD FreeSync","Shop With Confidence, Buy From Newegg Brand New",,$159.99,,https://www.ebay.com/itm/Pixio-PXC243-24-Full-HD-1920-x-1080-144Hz-3ms-DVI-HDMI-DisplayPort-AMD-FreeSync/303275999183?epid=17034562584&hash=item469ca87fcf:g:21IAAOSww5Zdzovi
"•MSI G27C4W Optix 27"" 1080p Curved LED Monitor NEW", Brand New,5.0 out of 5 stars.,$74.00,,https://www.ebay.com/itm/MSI-G27C4W-Optix-27-1080p-Curved-LED-Monitor-NEW/333895238840?epid=22038238820&hash=item4dbdb504b8:g:VtUAAOSwuh5fE~2u
"Samsung LC24FG73FQ 23.5"" Full HD 144Hz 1ms 1800R Curved Gaming Monitor (DY5)", Pre-Owned,,$51.00,,https://www.ebay.com/itm/Samsung-LC24FG73FQ-23-5-Full-HD-144Hz-1ms-1800R-Curved-Gaming-Monitor-DY5/393142216809?hash=item5b891a2869:g:WUYAAOSw1qtgMBjx
"Samsung CHG90 - 49"" QLED  144Hz AMD FreeSync HDR Curved Gaming Monitor",Brand New. Retail Packaging. Brand New,4.5 out of 5 stars.,$899.99,,https://www.ebay.com/itm/Samsung-CHG90-49-QLED-144Hz-AMD-FreeSync-HDR-Curved-Gaming-Monitor/164007930589?epid=238258751&hash=item262fa26add:g:YNYAAOSww5ZeBn~r
"Dell Alienware AW3420DW 34"" 3440x1440 120hz G-sync IPS LED Curved Gaming Monitor", Pre-Owned,5.0 out of 5 stars.,$674.99,,https://www.ebay.com/itm/Dell-Alienware-AW3420DW-34-3440x1440-120hz-G-sync-IPS-LED-Curved-Gaming-Monitor/224353824915?epid=12035367621&hash=item343c87b093:g:LggAAOSwkp9gKyrC
"Acer Nitro XZ272 27"" Curved FHD Gaming Monitor 165Hz 1ms In Box SCRATCHED SCREEN", Pre-Owned,4.0 out of 5 stars.,$168.88,,https://www.ebay.com/itm/Acer-Nitro-XZ272-27-Curved-FHD-Gaming-Monitor-165Hz-1ms-In-Box-SCRATCHED-SCREEN/294008044115?epid=22039569618&hash=item44743eba53:g:FgQAAOSwWfZgJIWk
Lenovo G34w-10 34 Inch WLED Ultra-Wide Curved Gaming Monitor, Brand New,5.0 out of 5 stars.,$399.99,$479.99,https://www.ebay.com/itm/Lenovo-G34w-10-34-Inch-WLED-Ultra-Wide-Curved-Gaming-Monitor/174263737596?epid=19037982376&hash=item2892ed9cfc:g:HNQAAOSwx8Nfzlr9
"Dell UltraSharp U3818DW 38""  Curved IPS Monitor", Open Box,5.0 out of 5 stars.,$599.00,,https://www.ebay.com/itm/Dell-UltraSharp-U3818DW-38-Curved-IPS-Monitor/224359304308?epid=10030521977&hash=item343cdb4c74:g:0GoAAOSwHOZgMVne
"*READ* Samsung CF591 Series C27F591FDN 27"" LED Curved FHD FreeSync Monitor", Pre-Owned,4.5 out of 5 stars.,$149.95,,https://www.ebay.com/itm/READ-Samsung-CF591-Series-C27F591FDN-27-LED-Curved-FHD-FreeSync-Monitor/402696860170?epid=245412570&hash=item5dc29a720a:g:0RwAAOSwyWdgLVNL
"Samsung - T55 Series C27T550FDN 27"" 75Hz 1000R Curved Monitor **TINY SCRATCH**", Pre-Owned,,$139.87,,https://www.ebay.com/itm/Samsung-T55-Series-C27T550FDN-27-75Hz-1000R-Curved-Monitor-TINY-SCRATCH/184510073642?epid=25038379770&hash=item2af5a84b2a:g:AU8AAOSwtM1fmeJ4
Samsung CF591 LC27F591FDNXZA Curved LED FreeSync Gaming Monitor CLEAN SCREEN, Refurbished,4.5 out of 5 stars.,$175.90,$199.89,https://www.ebay.com/itm/Samsung-CF591-LC27F591FDNXZA-Curved-LED-FreeSync-Gaming-Monitor-CLEAN-SCREEN/203011338225?epid=245412570&hash=item2f446b2ff1:g:PEAAAOSw7P1e2BgO
"Samsung 390 Series 24"" LED Curved FHD FreeSync Monitor C24F390 *light scratch*", Pre-Owned,4.5 out of 5 stars.,$97.87,,https://www.ebay.com/itm/Samsung-390-Series-24-LED-Curved-FHD-FreeSync-Monitor-C24F390-light-scratch/203246469557?epid=28026727205&hash=item2f526f01b5:g:GWUAAOSwOVhf~jaO
"MSI G27C4W Optix 27"" 1080p Curved LED Monitor NEW", Brand New,5.0 out of 5 stars.,$122.50,,https://www.ebay.com/itm/MSI-G27C4W-Optix-27-1080p-Curved-LED-Monitor-NEW/333892957358?epid=22038238820&hash=item4dbd9234ae:g:m2AAAOSwOsZgLU~a
"GIGABYTE G34WQC 34"" 144Hz Curved Gaming Monitor, 3440 x 1440 VA 1500R Display, 1","Shop With Confidence, Buy From Newegg Brand New",5.0 out of 5 stars.,$449.99,,https://www.ebay.com/itm/GIGABYTE-G34WQC-34-144Hz-Curved-Gaming-Monitor-3440-x-1440-VA-1500R-Display-1/293752686544?epid=3041574189&hash=item44650647d0:g:G50AAOSwIU1fbVpB
Spectre Curved Monitor, Pre-Owned,,$150.00,,https://www.ebay.com/itm/Spectre-Curved-Monitor/192622328701?hash=item2cd92f7b7d:g:RSMAAOSwOMtbbET7
Samsung LC24F390FHNXZA 24-inch Curved LED Gaming Monitor (Super Slim Design), Brand New,4.5 out of 5 stars.,$133.00,,https://www.ebay.com/itm/Samsung-LC24F390FHNXZA-24-inch-Curved-LED-Gaming-Monitor-Super-Slim-Design/402698584657?epid=28026727205&hash=item5dc2b4c251:g:QdkAAOSwXQJgLrZG
"VIOTEK NBV27CB 27"" Curved Monitor Widescreen", Brand New,4.5 out of 5 stars.,$269.00,,https://www.ebay.com/itm/VIOTEK-NBV27CB-27-Curved-Monitor-Widescreen/264821162833?epid=9034355578&_trkparms=ispr%3D1&hash=item3da8924351:g:JSEAAOSwzUVgCbvE&amdata=enc%3AAQAFAAACcBaobrjLl8XobRIiIML1V4Imu%252Fn%252BzU5L90Z278x5ickkXKoKcbeZcOrOku%252BoOBl%252BSwSNtHJCdPLRqIDFg85vJFbWrVbp5MNZqmEPk2E59jhJVe6KMW3QraO5Jg009NJbyxaZzTohK9HbXBHqmNIdUrZXaYwKiIDKT9%252BOcCGIZciVlUtYVeIqD7OtFXkbMFONdi6x5MCttqwwEuMV3RpEOUeiQy%252FTgXXisaTvvSt%252FSE%252FKZ6K1ikxS7ztj5gZr20i4ciST2t4E2urvg0uay4f9445XL%252F5%252BRZPDETDDp5c79o7uKHlcjXNqUXqgt0pUZsNdXKQRgOgeRfe%252F%252FqbmlVcEWppATJQcpFnjhJBgJMuAFGU1lVTYhWWUMPctQZmq7D5E%252FTyOMyICjfBdmrlDLZQ%252BkY3ZtX7OPzhZp5pAcUULng%252BuURUwWK7I313XKuEq0pgqSb5JOZLcjgaXvYriLsFs%252Fd4Zh%252FzRfWzfsFy3yi4jAInweiYAvtmCLrShroHclAZKDy2vkq1HcDZazR9mYrXw%252Fk1%252F1AGw3dTJ6O4i0Mu3vloew6SpLuNOmwM062yyTid1AdM05oTKW%252FGIkn3JHyvHe3dbUqt8DC66DWrfmyh8gqPEbnIh1SqmskFVuWvIKQf22HFM6rtMYAOd5ZQjzyGsBWovip8VFSxOa0PeRfwTCuOZXkp7OQpsQ6H5POymGZFPXbQKLXZu1rn2Gn2UKEzybEqNtCtJbfKO%252B9pT%252FhnHfn9hp47sMZwZeM0I8nx3pb5CunLTY82Xhqe2Fy25uVLBGjVxWuic6rqdv8qeUi7obN38JNahvoxcO0ssfiLWi3SrWQ%253D%253D%7Ccksum%3A2648211628336f15c950533d4867b7edcdae5dba4d47%7Campid%3APL_CLK%7Cclp%3A2334524
"VIOTEK GNV34CB 34"" Ultrawide Curved Gaming Monitor", Brand New,5.0 out of 5 stars.,$329.00,,https://www.ebay.com/itm/VIOTEK-GNV34CB-34-Ultrawide-Curved-Gaming-Monitor/283849787050?epid=27037467919&_trkparms=ispr%3D1&hash=item4216c406aa:g:ehUAAOSwLitgCa1l&amdata=enc%3AAQAFAAACcBaobrjLl8XobRIiIML1V4Imu%252Fn%252BzU5L90Z278x5ickk7PdDazAlGltMLJlUhrWsD9MNXMP0uQojlBwXNP6OSywAt8ZMrI7vSF%252F93UgZmj9uxeYXudtUn1kAFkCOzIfdXtA3Uo%252FZdaCR3MPVk1R4LTAwZ2nQnrGCm7vZf5Zb%252Bcp3sutmS0nopXPf1l9FPepfm2h9MgjSYwh6qSangdo9gfcaZx5tZJ704S%252BcWiduBcXxTQ3cvzfbfMoLnTKp547xLypXXJY04P3jlUqufZVfV5PtJ947hZw%252FYgl4p7DLvxORqk61NlIV6jCJyvYuBpH2x4xYASFrPmeyG5%252BtHXc3XyIBNuCoST6%252Fc2B9P1OwF6brCnsnKpaRCOy30of00YiC%252Ft3TtEBPb69Z%252FlPBxU4Tx1mo5EFVML26iFkIFaUobIWwFdmxZG9FFrBqxno0zeML4Cpo5wDey8jStcnFlR0r8Qlfavvx%252FaV0yF0h%252FQJU9As5yVSvvrxW0sneP6y83Anta3RZYmS%252BKZPF0VIWL2v19kGXl1mLNPMtCQuLkik2f5RpcyfhYcxGaa%252B%252FWtaCtIW%252FQtdR%252BttgbHwX9Ojxfl7lhPC1IWUwx91Z45MtM6gZ%252BSyOJVCA3GSv4voTtD14hvBobhkiMD9NI5Xq1hLZa9uiVBW08Ml3tGqctqzpOssyDBQ3P6gpH%252FjcSPskh9%252Fnp%252Fmne2TqiGc1%252B6hO82J3KigvnJ73ZwTVF1i120bLyTFJjlNUV500SN82WTaOpM2KGp9JcLF2pf%252Bxgk7fiiEuoYXHt%252FdnKBDCL09UUWob20auoV21MwJPgqxowjtwE7zF%252BuoSrQ%253D%253D%7Ccksum%3A2838497870506f15c950533d4867b7edcdae5dba4d47%7Campid%3APL_CLK%7Cclp%3A2334524
"Deco Gear 35"" Curved Ultrawide LED Gaming Monitor Full HD Display 21:9 Two Pack", Brand New,5.0 out of 5 stars.,$629.95,"$1,299.99",https://www.ebay.com/itm/Deco-Gear-35-Curved-Ultrawide-LED-Gaming-Monitor-Full-HD-Display-21-9-Two-Pack/333338308589?epid=27029108979&hash=item4d9c82efed:g:5dUAAOSwWOJdiPng
Samsung LC27F396FHNXZA 27 inch Curved Widescreen LED Monitor (DY2), Pre-Owned,4.5 out of 5 stars.,$5.50,,https://www.ebay.com/itm/Samsung-LC27F396FHNXZA-27-inch-Curved-Widescreen-LED-Monitor-DY2/393142158524?epid=809538387&hash=item5b891944bc:g:ZakAAOSwH5dgMBd5
"Dell  U3415W UltraSharp 34"" HDMI QHD Curved Anti-Glare IPS LED-Backlit Monitor", Brand New,5.0 out of 5 stars.,$579.99,,https://www.ebay.com/itm/Dell-U3415W-UltraSharp-34-HDMI-QHD-Curved-Anti-Glare-IPS-LED-Backlit-Monitor/265059267218?epid=210496467&hash=item3db6c37292:g:RRQAAOSw5Q5gDgp2
Samsung 34 inch ultrawide monitor curved, Pre-Owned,,$450.00,,https://www.ebay.com/itm/Samsung-34-inch-ultrawide-monitor-curved/363298818485?hash=item54964c09b5:g:~G8AAOSwySNgMC0r
Dell Ultra Wide 49 Inch Curved Monitor - Great for multitasking!, Pre-Owned,,$665.00,,https://www.ebay.com/itm/Dell-Ultra-Wide-49-Inch-Curved-Monitor-Great-for-multitasking/154336398373?hash=item23ef2a8c25:g:YsMAAOSwWixgLr3r
Alienware 34 Inch Curved Gaming Monitor Aw3418dw, Pre-Owned,,$500.00,,https://www.ebay.com/itm/Alienware-34-Inch-Curved-Gaming-Monitor-Aw3418dw/274691986250?hash=item3ff4eb134a:g:4VYAAOSwPG9f5j-4
"ALIENWARE AW3420DW CURVED 34"" WQHD 120HZ MONITOR"" 3440 x 1440", Pre-Owned,,$599.99,,https://www.ebay.com/itm/ALIENWARE-AW3420DW-CURVED-34-WQHD-120HZ-MONITOR-3440-x-1440/284189297321?hash=item422b008aa9:g:gxAAAOSwdcxgLtoh
Lenovo G27c-10 FHD WLED Curved Gaming Monitor, Brand New,5.0 out of 5 stars.,$199.99,$219.99,https://www.ebay.com/itm/Lenovo-G27c-10-FHD-WLED-Curved-Gaming-Monitor/154255364336?epid=22039720849&hash=item23ea5610f0:g:48cAAOSwEHJgHWmc
"Sceptre 27"" Curved Gaming Monitor ", Brand New,5.0 out of 5 stars.,$189.99,,https://www.ebay.com/itm/Sceptre-27-Curved-Gaming-Monitor/184668148472?epid=17026729326&hash=item2aff1452f8:g:iggAAOSwBCdgJdMQ
"Samsung CHG90 49"" 144Hz 32:9 QLED Curved Super Ultrawide HDR Gaming Monitor", Pre-Owned,4.5 out of 5 stars.,$599.00,,https://www.ebay.com/itm/Samsung-CHG90-49-144Hz-32-9-QLED-Curved-Super-Ultrawide-HDR-Gaming-Monitor/233895089141?epid=238258751&hash=item36753bd3f5:g:mpUAAOSw~ZVgKA0p
"Sceptre 30"" Curved Gaming Monitor (C305W-2560UN)", Open Box,5.0 out of 5 stars.,$200.00,,https://www.ebay.com/itm/Sceptre-30-Curved-Gaming-Monitor-C305W-2560UN/373463299956?epid=23035276956&hash=item56f425b774:g:EIwAAOSweiZeidrY
gaming monitor Viotek 144hz curved 32 Inch, Pre-Owned,,$250.00,,https://www.ebay.com/itm/gaming-monitor-Viotek-144hz-curved-32-Inch/164673038340?hash=item2657472804:g:9MYAAOSwrhFgEwsV
Alienware 3440M 1900R Monitor Curved Gaming Monitor (Brand New), Brand New,,$400.00,,https://www.ebay.com/itm/Alienware-3440M-1900R-Monitor-Curved-Gaming-Monitor-Brand-New/143948188478?hash=item2183fb0b3e:g:N5cAAOSwN5Jf5~2s
"24"" CF396 Curved LED Monitor ", Pre-Owned,5.0 out of 5 stars.,$75.00,,https://www.ebay.com/itm/24-CF396-Curved-LED-Monitor/265013404936?epid=24032319110&hash=item3db407a508:g:mc8AAOSwOwZf~5cf
"Samsung CRG5 LC24RG5 24"" 16:9 Curved Gaming Monitor - Black", Pre-Owned,5.0 out of 5 stars.,$94.50,,https://www.ebay.com/itm/Samsung-CRG5-LC24RG5-24-16-9-Curved-Gaming-Monitor-Black/174619320266?epid=22032298220&hash=item28a81f5fca:g:fGwAAOSwJy5gFs0X
"ViewSonic ELITE XG270QC 27"" MVA WQHD Curved Gaming Monitor", Pre-Owned,,$350.00,,https://www.ebay.com/itm/ViewSonic-ELITE-XG270QC-27-MVA-WQHD-Curved-Gaming-Monitor/284192820511?epid=5042002585&hash=item422b364d1f:g:oK4AAOSwx1FgIC2a
"SAMSUNG 49-inch Odyssey G9 Gaming Monitor | QHD, 240hz, Curved PC1052493",USED SEE PICS AND DESCRIPTION Pre-Owned,,"$1,215.00","$1,350.00",https://www.ebay.com/itm/SAMSUNG-49-inch-Odyssey-G9-Gaming-Monitor-QHD-240hz-Curved-PC1052493/143933017810?_trkparms=ispr%3D1&hash=item2183138ed2:g:olAAAOSwDnNgFJFA&amdata=enc%3AAQAFAAACcBaobrjLl8XobRIiIML1V4Imu%252Fn%252BzU5L90Z278x5ickk7d4nremBkvNKtcC0ZwqXDNPXbz7CO08pu7dQAY25X7GiHYDNJ%252FFf60CjrHYzJxmUIZGA6t%252Fo4ucKYXo5aOvVLJSeCAKBtGn1PODt3cNAi%252FFj56zv%252BuPwpGZYdYdumsST8ZwfMKKjypM4KixbJOEkpvpTOXsOp0L2%252B%252B0NpzU4VAh2mzOvtYVv%252FEiMsXuKI4gV9iP4sVWEhQkvMVR85VcrqLJRXmNHFKmRWv%252BmUFAg%252BtMAnUCbCUL0tdXtnLW8Ya0c%252FtAmx9xeiEKq7crq%252BMZBR7QR6kT6lonwfLidrtGXUj08ssKcyzN3HaSBTMrpTPPkyfyFG%252FyB7Kt2XM%252BDIUo4BljlfgRtPPQY7uMhHxbRTjtj2CCNSip4vSQ9bvbPpVPL%252FCi0JAxuvr4RNOu9Yh9ZLEnslAkYvM6WPPHthkr0OFzSQ11I%252F5MvZmAJXShacE9YpcO6DEXzPcD%252B0onvPLLn%252FSmRox5OYsqmivZsH3uUiovyDwwWZIkzKUw2qhzuqUjC8Q4vGW2aFgVotS1Kap9O%252F8ZKBPcC1Ggp1LwnMvzuNnvqHGjT6gr9oPZIBPPi1pk44NDoJWu3rio8QLKOP09tMOPbyF%252F%252BwkdAlny7W420IHZEIZ3Mnvcd8D1nn3lu0pC6eFPdD%252F4xq79%252BrCLKrqtOdZrRvjHbfZdZhClovsFQ0fxusmO1vl70JtL5K2eMf92%252FYkhwHSuVGxQF51KaQ3GFSRXHXa9Iyqw9miOi2cyyn3e36%252FBFf0tEECqq2Kma38ZBOkN3ugRdu3C7%252F7oySnIDxw%253D%253D%7Ccksum%3A1439330178106f15c950533d4867b7edcdae5dba4d47%7Campid%3APL_CLK%7Cclp%3A2334524
Monoprice 35in Zero-G Curved Ultrawide Gaming Monitor UWQHD 3440x1440p 100Hz VA, Brand New,5.0 out of 5 stars.,$400.99,$499.99,https://www.ebay.com/itm/Monoprice-35in-Zero-G-Curved-Ultrawide-Gaming-Monitor-UWQHD-3440x1440p-100Hz-VA/233507904051?epid=19034409801&_trkparms=ispr%3D1&hash=item365e27da33:g:I8UAAOSwarFgLAcH&amdata=enc%3AAQAFAAACcBaobrjLl8XobRIiIML1V4Imu%252Fn%252BzU5L90Z278x5ickkai8xCwosGKpC0NWj85e%252FB93F%252BgofamcHAcSG5CnmYeZ7wwCJyOGyc68UCrFLV3GqDpkmmnAIubOerhBa8edmNM6HyuroLIc5bqe6a%252B2CtIHRR8ZX0heKHkSkG6UIHtiPK8j7UqCyBd31ve0gSryx3G%252Bd2z9ibOIBEK6naq6msUlJVnb2n7DikgmfSZkrGXgZ0CT5yC539uyT87yRfAKYFjMxYcT24FTPiGg29tanr1S2Wnlfz0M11co%252FyG5IjJTYisBbnYYJAoWjqxSJ5KSJwh8JDwU818qRNDd5fe0Hmi7ka1ktFmZta6X02aoMVxhxmyv3xswKRxzwzU2f1BffiRYynliITX5pk1TCKl39haUsKatr3GW5R6%252F1gceXxduiaCna7XSPMLOuueI0nX%252FIzYgJvCQXpMPzSCfiPFaVxYKXFRMwQfCiWFoMJFC%252BoJML8gmi5%252BgCxQ3Kw2pViNcoZye%252FhmKJEACjojHL4RR0ZD1HSSUBN3QuVxNY7aOfpCiHSFsMvw%252F9hERXshWpErLMonAHYp%252FD38BW4JZg4jXggg9K62k0NxQlGo4uOidqTUMeV940xm0HFEh6mdofpKVc2y40SqHX8A4nuNwUBOj8b93%252BPAJ25ZyCaVzDNLqookgbe5CGEk6K6YaU6JLwZnvl32LGpSCy77%252B7emgUZApn5u9Ij1zY0EO%252BKDE6GdjwPMent1N2SJYHeD95My0vFWDl%252FTCfzgKuj%252BUo%252F1E5ltxNK%252FCvRMDFQmBaDz8yBx1b7Vw57vxzaH%252FBf4mcfKDtPdta5g%253D%253D%7Ccksum%3A2335079040516f15c950533d4867b7edcdae5dba4d47%7Campid%3APL_CLK%7Cclp%3A2334524
